song_id,song_name,quality,audio_file_id,audio_file_unique_id,image_file_id,image_file_unique_id,album,artist,release_date,duration,download_url,image_url
CnTjxcNu,Jinguchaa,160kbps,CQACAgUAAxkDAAICYWhWA-_nnUiAXY4Gv-1-e7s33qnzAAJqFgACp_SwVnr2G5gMhE4xNgQ,AgADahYAAqf0sFY,AgACAgUAAxkDAAP0aFUbGkOHGLUlLjUl3KUAAWYPokXsAAJxwzEbp_SoVh1XvKc96sHgAQADAgADeAADNgQ,AQADccMxG6f0qFZ9,"{'id': '64876372', 'name': 'Thug Life (Tamil)', 'url': 'https://www.jiosaavn.com/album/thug-life-tamil/9-hvThwL9Es_'}",,2025-05-24,260,http://aac.saavncdn.com/880/587cd237a1b8c6dc1d02d34fdb60e16d_160.mp4,https://c.saavncdn.com/880/Thug-Life-Tamil-Tamil-2025-20250604103629-500x500.jpg
CnTjxcNu,Jinguchaa,320kbps,CQACAgUAAxkDAAICZGhWBBbyMzgr8hVaU_R1642Xz6dtAAJtFgACp_SwVltt4UsQcJRpNgQ,AgADbRYAAqf0sFY,,,"{'id': '64876372', 'name': 'Thug Life (Tamil)', 'url': 'https://www.jiosaavn.com/album/thug-life-tamil/9-hvThwL9Es_'}",,2025-05-24,260,http://aac.saavncdn.com/880/587cd237a1b8c6dc1d02d34fdb60e16d_320.mp4,
3wxma8Yp,Pottala Muttaye,160kbps,CQACAgUAAxkDAAICZmhWBCL4E5iWpp8-Uu2353f4rI3JAAJvFgACp_SwVoutZbZ1TvjRNgQ,AgADbxYAAqf0sFY,AgACAgUAAxkDAAIBFmhVVD4lu7Tgo8FWEnyrA0KXIjd5AAIhxDEbp_SoVrYTlga3LuLJAQADAgADeAADNgQ,AQADIcQxG6f0qFZ9,"{'id': '65289483', 'name': 'Pottala Muttaye (From &quot;Thalaivan Thalaivii&quot;)', 'url': 'https://www.jiosaavn.com/album/pottala-muttaye-from-thalaivan-thalaivii/1uRp71gq3eA_'}",,2025-06-09,226,http://aac.saavncdn.com/895/2511cb4b99cf6e5f56714ab4af0b2eb3_160.mp4,https://c.saavncdn.com/895/Pottala-Muttaye-From-Thalaivan-Thalaivii-Tamil-2025-20250609172004-500x500.jpg
3wxma8Yp,Pottala Muttaye,320kbps,CQACAgUAAxkDAAICZ2hWBCzuusAPjqGRUvM5H9m0-BBSAAJwFgACp_SwVgER3o1ZJ4pnNgQ,AgADcBYAAqf0sFY,,,"{'id': '65289483', 'name': 'Pottala Muttaye (From &quot;Thalaivan Thalaivii&quot;)', 'url': 'https://www.jiosaavn.com/album/pottala-muttaye-from-thalaivan-thalaivii/1uRp71gq3eA_'}",,2025-06-09,226,http://aac.saavncdn.com/895/2511cb4b99cf6e5f56714ab4af0b2eb3_320.mp4,
1aVaBaho,Jodi Porutham,160kbps,CQACAgUAAxkDAAICaWhWBDbfMTHzmQ_FENxu96alGruJAAJxFgACp_SwVh06VUyGDvJ1NgQ,AgADcRYAAqf0sFY,AgACAgUAAxkDAAP-aFU1C99XlzbTE6SEnRHRA5JX_fsAAufDMRun9KhWdtLBhdserR8BAAMCAAN4AAM2BA,AQAD58MxG6f0qFZ9,"{'id': '65236023', 'name': 'Jodi Porutham (From &quot;Aanpaavam Pollathathu&quot;)', 'url': 'https://www.jiosaavn.com/album/jodi-porutham-from-aanpaavam-pollathathu/CS25Uq2i1bQ_'}",,2025-06-09,225,https://aac.saavncdn.com/032/61602bd5583e92e7b040c4e19e112326_160.mp4,https://c.saavncdn.com/032/Jodi-Porutham-From-Aanpaavam-Pollathathu-Tamil-2025-20250606093658-500x500.jpg
1aVaBaho,Jodi Porutham,320kbps,CQACAgUAAxkDAAICamhWBEFQ_t_W_cGdIUhdTeJhQ6UDAAJyFgACp_SwVg9fEFaIVEDPNgQ,AgADchYAAqf0sFY,,,"{'id': '65236023', 'name': 'Jodi Porutham (From &quot;Aanpaavam Pollathathu&quot;)', 'url': 'https://www.jiosaavn.com/album/jodi-porutham-from-aanpaavam-pollathathu/CS25Uq2i1bQ_'}",,2025-06-09,225,https://aac.saavncdn.com/032/61602bd5583e92e7b040c4e19e112326_320.mp4,
3oGExh2J,Oru Manaiviyaai,160kbps,CQACAgUAAxkDAAICbGhWBE83z6P1fOG-hNe7icm47BLjAAJzFgACp_SwVoHRuBA2xmjVNgQ,AgADcxYAAqf0sFY,AgACAgUAAxkDAAIBI2hVlgiNihGK05LmERqwf1tKmT4UAALhwzEbp_SwVpc42nE4C6RvAQADAgADeAADNgQ,AQAD4cMxG6f0sFZ9,"{'id': '63791622', 'name': 'Peranbum Perungobamum', 'url': 'https://www.jiosaavn.com/album/peranbum-perungobamum/TpX3SCqiVSo_'}",,2025-04-14,303,http://aac.saavncdn.com/417/35b12d4a1b9b2ff0003b0b257f6a452e_160.mp4,https://c.saavncdn.com/417/Peranbum-Perungobamum-Tamil-2025-20250415180348-500x500.jpg
3oGExh2J,Oru Manaiviyaai,320kbps,CQACAgUAAxkDAAICbWhWBF5VQ1qIyUNZjHWRF5K8iUG7AAJ0FgACp_SwVp9goXm0P_LhNgQ,AgADdBYAAqf0sFY,,,"{'id': '63791622', 'name': 'Peranbum Perungobamum', 'url': 'https://www.jiosaavn.com/album/peranbum-perungobamum/TpX3SCqiVSo_'}",,2025-04-14,303,http://aac.saavncdn.com/417/35b12d4a1b9b2ff0003b0b257f6a452e_320.mp4,
rb-S0CsM,God Bless U,160kbps,CQACAgUAAxkDAAICb2hWBGx2WXnDDb1GpN37nv26SDt4AAJ2FgACp_SwVt0SPKHG8ArBNgQ,AgADdhYAAqf0sFY,AgACAgUAAxkDAAIBJWhVlh2iPtHjw2FmpZe_M6n6_7bFAALiwzEbp_SwVmc5wW_iOLjUAQADAgADeAADNgQ,AQAD4sMxG6f0sFZ9,"{'id': '63331554', 'name': 'God Bless U (From &quot;Good Bad Ugly&quot;)', 'url': 'https://www.jiosaavn.com/album/god-bless-u-from-good-bad-ugly/et2xg2nD4Rs_'}",,2025-03-30,240,http://aac.saavncdn.com/357/07dda897247efbae62cc913c642e1db7_160.mp4,https://c.saavncdn.com/357/God-Bless-U-From-Good-Bad-Ugly-Tamil-2025-20250329191006-500x500.jpg
rb-S0CsM,God Bless U,320kbps,CQACAgUAAxkDAAICcGhWBHqwcBzZnXIs7LNIJInKLN4yAAJ3FgACp_SwVvC_fBZEuoxRNgQ,AgADdxYAAqf0sFY,,,"{'id': '63331554', 'name': 'God Bless U (From &quot;Good Bad Ugly&quot;)', 'url': 'https://www.jiosaavn.com/album/god-bless-u-from-good-bad-ugly/et2xg2nD4Rs_'}",,2025-03-30,240,http://aac.saavncdn.com/357/07dda897247efbae62cc913c642e1db7_320.mp4,
I6jncR_O,Manasilaayo,160kbps,CQACAgUAAxkDAAICcmhWBIaRqhoohkyN7S-tCORoyGI1AAJ4FgACp_SwVvBEQ0A4kElYNgQ,AgADeBYAAqf0sFY,AgACAgUAAxkDAAIBJ2hVlig1hM3VRv7p4JygaC05BGBqAALjwzEbp_SwVlzzWf6YKGhoAQADAgADeAADNgQ,AQAD48MxG6f0sFZ9,"{'id': '58811310', 'name': 'Vettaiyan', 'url': 'https://www.jiosaavn.com/album/vettaiyan/jslpqSyV8L0_'}",,2024-10-14,235,http://aac.saavncdn.com/803/54aa7ee23bad8894b04c1250a64a2f0a_160.mp4,https://c.saavncdn.com/803/Vettaiyan-Original-Motion-Picture-Soundtrack-Tamil-2024-20241014154253-500x500.jpg
I6jncR_O,Manasilaayo,320kbps,CQACAgUAAxkDAAICc2hWBJWtK1j_aayeeopl91ImSMPuAAJ5FgACp_SwVrtmVXJY22MuNgQ,AgADeRYAAqf0sFY,,,"{'id': '58811310', 'name': 'Vettaiyan', 'url': 'https://www.jiosaavn.com/album/vettaiyan/jslpqSyV8L0_'}",,2024-10-14,235,http://aac.saavncdn.com/803/54aa7ee23bad8894b04c1250a64a2f0a_320.mp4,
A_KJ7TO7,Dheema,160kbps,CQACAgUAAxkDAAICdWhWBJ-PFRMSkqR6YvfJUehNVTi6AAJ6FgACp_SwVlRqQuVENmT6NgQ,AgADehYAAqf0sFY,AgACAgUAAxkDAAIBKWhVljTfGle52huGYoi1eG896KKsAALkwzEbp_SwVjI5qHpEkOCcAQADAgADeAADNgQ,AQAD5MMxG6f0sFZ9,"{'id': '58839526', 'name': 'Dheema (From &quot;Love Insurance Kompany&quot;)', 'url': 'https://www.jiosaavn.com/album/dheema-from-love-insurance-kompany/bLssxNb,4fQ_'}",,2024-10-16,232,http://aac.saavncdn.com/651/5397403bde88ed978cc0ce56e348aae5_160.mp4,https://c.saavncdn.com/651/Dheema-From-Love-Insurance-Kompany-Tamil-2024-20241015191442-500x500.jpg
A_KJ7TO7,Dheema,320kbps,CQACAgUAAxkDAAICdmhWBK4qt_j8E64AAUxdHG_6k2k0jwACexYAAqf0sFYB-d6ViZn9YDYE,AgADexYAAqf0sFY,,,"{'id': '58839526', 'name': 'Dheema (From &quot;Love Insurance Kompany&quot;)', 'url': 'https://www.jiosaavn.com/album/dheema-from-love-insurance-kompany/bLssxNb,4fQ_'}",,2024-10-16,232,http://aac.saavncdn.com/651/5397403bde88ed978cc0ce56e348aae5_320.mp4,
TK0_1n9e,Kadharalz,160kbps,CQACAgUAAxkDAAICeGhWBMA0MBnM-tSP4eCZAsnPF43qAAJ8FgACp_SwVjex0_VNlrzCNgQ,AgADfBYAAqf0sFY,AgACAgUAAxkDAAIBK2hVlkDO_BqLJHEWsdbxp8CJezb9AALlwzEbp_SwViZWMF051mG8AQADAgADeAADNgQ,AQAD5cMxG6f0sFZ9,"{'id': '54862342', 'name': 'Indian 2 (Original Motion Picture Soundtrack)', 'url': 'https://www.jiosaavn.com/album/indian-2-original-motion-picture-soundtrack/9dCuHzz5XS0_'}",,2024-06-01,239,http://aac.saavncdn.com/736/33a68d99f694dc23c4355fb8b75abed8_160.mp4,https://c.saavncdn.com/736/Indian-2-Original-Motion-Picture-Soundtrack-Tamil-2024-20240611104646-500x500.jpg
TK0_1n9e,Kadharalz,320kbps,CQACAgUAAxkDAAICeWhWBM34oLl41w8suISrXIuVE4uNAAJ9FgACp_SwVnD_1czHqJj3NgQ,AgADfRYAAqf0sFY,,,"{'id': '54862342', 'name': 'Indian 2 (Original Motion Picture Soundtrack)', 'url': 'https://www.jiosaavn.com/album/indian-2-original-motion-picture-soundtrack/9dCuHzz5XS0_'}",,2024-06-01,239,http://aac.saavncdn.com/736/33a68d99f694dc23c4355fb8b75abed8_320.mp4,
ekr3NKPn,Dhinam Dhinamum,160kbps,CQACAgUAAxkDAAICe2hWBNta4MyVYyZrUTJeBTMsjda7AAJ-FgACp_SwVo0mamLUefJSNgQ,AgADfhYAAqf0sFY,AgACAgUAAxkDAAIBLWhVlk89OZlRVT0-Fuxvh17ds5jnAALmwzEbp_SwVioP8cICHAN_AQADAgADeAADNgQ,AQAD5sMxG6f0sFZ9,"{'id': '59988615', 'name': 'Viduthalai 2 (Original Motion Picture Soundtrack)', 'url': 'https://www.jiosaavn.com/album/viduthalai-2-original-motion-picture-soundtrack/0pggPvFTzuo_'}",,2024-11-26,344,http://aac.saavncdn.com/887/3562c91acd443e72ad2b8216b0b16376_160.mp4,https://c.saavncdn.com/887/Viduthalai-2-Original-Motion-Picture-Soundtrack-Tamil-2024-20241203130520-500x500.jpg
ekr3NKPn,Dhinam Dhinamum,320kbps,CQACAgUAAxkDAAICfGhWBP3qu9vcuFUGeeq5SveEDqk-AAJ_FgACp_SwVsFBmLB7IZqDNgQ,AgADfxYAAqf0sFY,,,"{'id': '59988615', 'name': 'Viduthalai 2 (Original Motion Picture Soundtrack)', 'url': 'https://www.jiosaavn.com/album/viduthalai-2-original-motion-picture-soundtrack/0pggPvFTzuo_'}",,2024-11-26,344,http://aac.saavncdn.com/887/3562c91acd443e72ad2b8216b0b16376_320.mp4,
6xXJnoAo,Chillanjirukkiye,160kbps,CQACAgUAAxkDAAICfmhWBQfNxxRmzMeHV_Bh9CP2ej3LAAKAFgACp_SwVgABO1CEGyAuljYE,AgADgBYAAqf0sFY,AgACAgUAAxkDAAIBL2hVlmJf1SmMir9LFFEKP42eJVffAALnwzEbp_SwVnIhHXmzCMzvAQADAgADeAADNgQ,AQAD58MxG6f0sFZ9,"{'id': '57520134', 'name': 'Lubber Pandhu', 'url': 'https://www.jiosaavn.com/album/lubber-pandhu/KOmId8S,rtc_'}",,2024-08-28,247,http://aac.saavncdn.com/230/576968a4c379a1a24b659033a62546bb_160.mp4,https://c.saavncdn.com/230/Lubber-Pandhu-Original-Motion-Picture-Soundtrack-Tamil-2024-20240828151816-500x500.jpg
6xXJnoAo,Chillanjirukkiye,320kbps,CQACAgUAAxkDAAICgGhWBRPgQbjHQrpECAVHHVV-KxP6AAKCFgACp_SwViB8-4r7CnrtNgQ,AgADghYAAqf0sFY,,,"{'id': '57520134', 'name': 'Lubber Pandhu', 'url': 'https://www.jiosaavn.com/album/lubber-pandhu/KOmId8S,rtc_'}",,2024-08-28,247,http://aac.saavncdn.com/230/576968a4c379a1a24b659033a62546bb_320.mp4,
U2STwQGZ,Maanja Nee,160kbps,CQACAgUAAxkDAAICgmhWBSS7Glgak2vIKJ7xUM7X5kAXAAKDFgACp_SwVjGwl4XzFHKfNgQ,AgADgxYAAqf0sFY,AgACAgUAAxkDAAIBMWhVlm9sUBDAj3lKmnU5_tqm7b5WAALowzEbp_SwVjpms3aAtCzaAQADAgADeAADNgQ,AQAD6MMxG6f0sFZ9,"{'id': '51017600', 'name': 'Ayalaan (Original Motion Picture Soundtrack)', 'url': 'https://www.jiosaavn.com/album/ayalaan-original-motion-picture-soundtrack/9eIdUrdVbQU_'}",,2024-01-10,235,http://aac.saavncdn.com/452/73dfeb7d6ba337248d8cddf65a7a19bc_160.mp4,https://c.saavncdn.com/452/Ayalaan-Original-Motion-Picture-Soundtrack-Tamil-2024-20240110152813-500x500.jpg
U2STwQGZ,Maanja Nee,320kbps,CQACAgUAAxkDAAIChGhWBTGQ6lczHrrvWjyiIXvelPm9AAKFFgACp_SwViyst9v-4cluNgQ,AgADhRYAAqf0sFY,,,"{'id': '51017600', 'name': 'Ayalaan (Original Motion Picture Soundtrack)', 'url': 'https://www.jiosaavn.com/album/ayalaan-original-motion-picture-soundtrack/9eIdUrdVbQU_'}",,2024-01-10,235,http://aac.saavncdn.com/452/73dfeb7d6ba337248d8cddf65a7a19bc_320.mp4,
9e4p_Byj,Hunter Vantaar,160kbps,CQACAgUAAxkDAAIChmhWBT6GmfGfeh4wHoAPAnp-HwR7AAKGFgACp_SwVmc3w9lNHMAENgQ,AgADhhYAAqf0sFY,AgACAgUAAxkDAAIBJ2hVlig1hM3VRv7p4JygaC05BGBqAALjwzEbp_SwVlzzWf6YKGhoAQADAgADeAADNgQ,AQAD48MxG6f0sFZ9,"{'id': '58811310', 'name': 'Vettaiyan', 'url': 'https://www.jiosaavn.com/album/vettaiyan/jslpqSyV8L0_'}",,2024-10-14,192,http://aac.saavncdn.com/803/6fb743e4593b69786449d88e4ab2fd52_160.mp4,https://c.saavncdn.com/803/Vettaiyan-Original-Motion-Picture-Soundtrack-Tamil-2024-20241014154253-500x500.jpg
9e4p_Byj,Hunter Vantaar,320kbps,CQACAgUAAxkDAAICh2hWBUywB0zRovupeOROq6juQy5RAAKHFgACp_SwVsGw0FoyyR7xNgQ,AgADhxYAAqf0sFY,,,"{'id': '58811310', 'name': 'Vettaiyan', 'url': 'https://www.jiosaavn.com/album/vettaiyan/jslpqSyV8L0_'}",,2024-10-14,192,http://aac.saavncdn.com/803/6fb743e4593b69786449d88e4ab2fd52_320.mp4,
WjoeOa80,Neelorpam,160kbps,CQACAgUAAxkDAAICimhWBWkFpmF5mZ0WMcOqH8nI-_UjAAKJFgACp_SwVkxaMoKwQDU0NgQ,AgADiRYAAqf0sFY,AgACAgUAAxkDAAIBK2hVlkDO_BqLJHEWsdbxp8CJezb9AALlwzEbp_SwViZWMF051mG8AQADAgADeAADNgQ,AQAD5cMxG6f0sFZ9,"{'id': '54862342', 'name': 'Indian 2 (Original Motion Picture Soundtrack)', 'url': 'https://www.jiosaavn.com/album/indian-2-original-motion-picture-soundtrack/9dCuHzz5XS0_'}",,2024-06-01,308,http://aac.saavncdn.com/736/5a962a939ec69bf283aba2dc97c780ca_160.mp4,https://c.saavncdn.com/736/Indian-2-Original-Motion-Picture-Soundtrack-Tamil-2024-20240611104646-500x500.jpg
WjoeOa80,Neelorpam,320kbps,CQACAgUAAxkDAAICi2hWBXkl_TwYcL7YPY45LAF-TliMAAKKFgACp_SwVm0PKZnmCV7JNgQ,AgADihYAAqf0sFY,,,"{'id': '54862342', 'name': 'Indian 2 (Original Motion Picture Soundtrack)', 'url': 'https://www.jiosaavn.com/album/indian-2-original-motion-picture-soundtrack/9dCuHzz5XS0_'}",,2024-06-01,308,http://aac.saavncdn.com/736/5a962a939ec69bf283aba2dc97c780ca_320.mp4,
ROQXnzhN,Clean Shot,160kbps,CQACAgUAAxkDAAICjWhWBYE251IRxouGa4v3_1_sub9UAAKLFgACp_SwVmuV1Cp8XRllNgQ,AgADixYAAqf0sFY,AgACAgUAAxkDAAIBJ2hVlig1hM3VRv7p4JygaC05BGBqAALjwzEbp_SwVlzzWf6YKGhoAQADAgADeAADNgQ,AQAD48MxG6f0sFZ9,"{'id': '58811310', 'name': 'Vettaiyan', 'url': 'https://www.jiosaavn.com/album/vettaiyan/jslpqSyV8L0_'}",,2024-10-14,153,http://aac.saavncdn.com/803/1ad0f27c1f322fd12188e6eb740cdd63_160.mp4,https://c.saavncdn.com/803/Vettaiyan-Original-Motion-Picture-Soundtrack-Tamil-2024-20241014154253-500x500.jpg
ROQXnzhN,Clean Shot,320kbps,CQACAgUAAxkDAAICjmhWBYtb7PQJmecSTxEvplDU5G_AAAKMFgACp_SwVo0kaStwtsmGNgQ,AgADjBYAAqf0sFY,,,"{'id': '58811310', 'name': 'Vettaiyan', 'url': 'https://www.jiosaavn.com/album/vettaiyan/jslpqSyV8L0_'}",,2024-10-14,153,http://aac.saavncdn.com/803/1ad0f27c1f322fd12188e6eb740cdd63_320.mp4,
7WH405TL,Vera Level Sago,160kbps,CQACAgUAAxkDAAICkWhWBaB5UJ2Tz-x1U7fJYQGDfh7JAAKOFgACp_SwVkeivAUTRZtZNgQ,AgADjhYAAqf0sFY,AgACAgUAAxkDAAIBMWhVlm9sUBDAj3lKmnU5_tqm7b5WAALowzEbp_SwVjpms3aAtCzaAQADAgADeAADNgQ,AQAD6MMxG6f0sFZ9,"{'id': '51017600', 'name': 'Ayalaan (Original Motion Picture Soundtrack)', 'url': 'https://www.jiosaavn.com/album/ayalaan-original-motion-picture-soundtrack/9eIdUrdVbQU_'}",,2024-01-10,254,http://aac.saavncdn.com/452/59c4be554e7277c210aee58b39bff010_160.mp4,https://c.saavncdn.com/452/Ayalaan-Original-Motion-Picture-Soundtrack-Tamil-2024-20240110152813-500x500.jpg
7WH405TL,Vera Level Sago,320kbps,CQACAgUAAxkDAAICkmhWBbDDTeMkgrFFyOno51wMwNlOAAKPFgACp_SwVkq5xtPSjAdhNgQ,AgADjxYAAqf0sFY,,,"{'id': '51017600', 'name': 'Ayalaan (Original Motion Picture Soundtrack)', 'url': 'https://www.jiosaavn.com/album/ayalaan-original-motion-picture-soundtrack/9eIdUrdVbQU_'}",,2024-01-10,254,http://aac.saavncdn.com/452/59c4be554e7277c210aee58b39bff010_320.mp4,
s65Ha75w,Leo Das Entry,160kbps,CQACAgUAAxkDAAIClGhWBbpwphTuyjNbztMU7Sn1O5qxAAKQFgACp_SwVqUPN1rFOFxUNgQ,AgADkBYAAqf0sFY,AgACAgUAAxkDAAIBO2hVlqfC7f_Rsh9CT9DrJbMj_VAxAALpwzEbp_SwVtSlcG5EhNN2AQADAgADeAADNgQ,AQAD6cMxG6f0sFZ9,"{'id': '50961278', 'name': 'Leo Das Entry (From &quot;Leo&quot;)', 'url': 'https://www.jiosaavn.com/album/leo-das-entry-from-leo/mPTycFaElxs_'}",,2024-01-08,97,http://aac.saavncdn.com/109/5a7623ae2855a97fdadb9a2494c35cbc_160.mp4,https://c.saavncdn.com/109/Leo-Das-Entry-From-Leo-Tamil-2024-20240108151125-500x500.jpg
s65Ha75w,Leo Das Entry,320kbps,CQACAgUAAxkDAAIClWhWBcP58OUpmWmMvwrQ1yvgVriOAAKRFgACp_SwVtBaUa9QnQ0wNgQ,AgADkRYAAqf0sFY,,,"{'id': '50961278', 'name': 'Leo Das Entry (From &quot;Leo&quot;)', 'url': 'https://www.jiosaavn.com/album/leo-das-entry-from-leo/mPTycFaElxs_'}",,2024-01-08,97,http://aac.saavncdn.com/109/5a7623ae2855a97fdadb9a2494c35cbc_320.mp4,
OjLSS5hp,Vidaamuyarchi Theme,160kbps,CQACAgUAAxkDAAICl2hWBcztm-SdQWgieBNZralKc7yEAAKSFgACp_SwVmxv7Qu33EDnNgQ,AgADkhYAAqf0sFY,AgACAgUAAxkDAAIBPWhVlq4AAcaAKBpeQfA3huLwwBQwUAAC6sMxG6f0sFbALA47wqX-sQEAAwIAA3gAAzYE,AQAD6sMxG6f0sFZ9,"{'id': '60062232', 'name': 'Vidaamuyarchi Theme (From &quot;Vidaamuyarchi&quot;)', 'url': 'https://www.jiosaavn.com/album/vidaamuyarchi-theme-from-vidaamuyarchi/r4CMzFJxZFY_'}",,2024-11-29,96,http://aac.saavncdn.com/347/227db93ed3d1fe5a9b9afec75871a34a_160.mp4,https://c.saavncdn.com/347/Vidaamuyarchi-Theme-From-Vidaamuyarchi-Tamil-2024-20241128232418-500x500.jpg
OjLSS5hp,Vidaamuyarchi Theme,320kbps,CQACAgUAAxkDAAICmGhWBdXqUgthuvtpAVTIWpAGLMz0AAKTFgACp_SwVkt01_SpI087NgQ,AgADkxYAAqf0sFY,,,"{'id': '60062232', 'name': 'Vidaamuyarchi Theme (From &quot;Vidaamuyarchi&quot;)', 'url': 'https://www.jiosaavn.com/album/vidaamuyarchi-theme-from-vidaamuyarchi/r4CMzFJxZFY_'}",,2024-11-29,96,http://aac.saavncdn.com/347/227db93ed3d1fe5a9b9afec75871a34a_320.mp4,
b1T-e1ls,Manasula,160kbps,CQACAgUAAxkDAAICmmhWBeRTbmuaZwLtNVKaakzCZ7hLAAKUFgACp_SwVsY6yA5mAcKnNgQ,AgADlBYAAqf0sFY,AgACAgUAAxkDAAIBLWhVlk89OZlRVT0-Fuxvh17ds5jnAALmwzEbp_SwVioP8cICHAN_AQADAgADeAADNgQ,AQAD5sMxG6f0sFZ9,"{'id': '59988615', 'name': 'Viduthalai 2 (Original Motion Picture Soundtrack)', 'url': 'https://www.jiosaavn.com/album/viduthalai-2-original-motion-picture-soundtrack/0pggPvFTzuo_'}",,2024-11-26,248,http://aac.saavncdn.com/887/2dcc8aa088ebfba1900e9f3b6c8cae19_160.mp4,https://c.saavncdn.com/887/Viduthalai-2-Original-Motion-Picture-Soundtrack-Tamil-2024-20241203130520-500x500.jpg
b1T-e1ls,Manasula,320kbps,CQACAgUAAxkDAAICm2hWBe9VTb_x4lZ1rjQOA45RTcVPAAKVFgACp_SwVtmpIBfAmDHNNgQ,AgADlRYAAqf0sFY,,,"{'id': '59988615', 'name': 'Viduthalai 2 (Original Motion Picture Soundtrack)', 'url': 'https://www.jiosaavn.com/album/viduthalai-2-original-motion-picture-soundtrack/0pggPvFTzuo_'}",,2024-11-26,248,http://aac.saavncdn.com/887/2dcc8aa088ebfba1900e9f3b6c8cae19_320.mp4,
tW3P0U5G,College Superstars,160kbps,CQACAgUAAxkDAAICnWhWBfvDpCM0NSUyEbhXsQFXra-5AAKWFgACp_SwVhuxVW04PU9rNgQ,AgADlhYAAqf0sFY,AgACAgUAAxkDAAIBQWhVlscoqFBB5EpP6sES7dw-x-K9AALrwzEbp_SwVlySZvZ2jSS7AQADAgADeAADNgQ,AQAD68MxG6f0sFZ9,"{'id': '54007889', 'name': 'Star', 'url': 'https://www.jiosaavn.com/album/star/m5HsN4wiZfE_'}",,2024-05-04,190,http://aac.saavncdn.com/370/59846d4c0342f56582ebc32e4b44d7a5_160.mp4,https://c.saavncdn.com/370/Star-Tamil-2024-20240503171716-500x500.jpg
tW3P0U5G,College Superstars,320kbps,CQACAgUAAxkDAAICnmhWBgefejrD_nO4soUfynTjFVRIAAKXFgACp_SwVt2L0eBsmZkKNgQ,AgADlxYAAqf0sFY,,,"{'id': '54007889', 'name': 'Star', 'url': 'https://www.jiosaavn.com/album/star/m5HsN4wiZfE_'}",,2024-05-04,190,http://aac.saavncdn.com/370/59846d4c0342f56582ebc32e4b44d7a5_320.mp4,
r-3K5Rkr,Nenjin Ezhuth,160kbps,CQACAgUAAxkDAAICoGhWBhTwx2J30vkm51RhDc_joSNJAAKZFgACp_SwVk5bDwOvKaviNgQ,AgADmRYAAqf0sFY,AgACAgUAAxkDAAIBQ2hVltYCijdnO9EAAT0LKbtKM3GnOwAC7MMxG6f0sFa_qQv_sw8XmgEAAwIAA3gAAzYE,AQAD7MMxG6f0sFZ9,"{'id': '52717006', 'name': 'Nenjin Ezhuth', 'url': 'https://www.jiosaavn.com/album/nenjin-ezhuth/LNBa0vH0hbk_'}",,2022-05-16,229,http://aac.saavncdn.com/552/24008ba5821efb6ef6f93b097b5e9d5f_160.mp4,https://c.saavncdn.com/552/Nenjin-Ezhuth-Tamil-2022-20240709145400-500x500.jpg
r-3K5Rkr,Nenjin Ezhuth,320kbps,CQACAgUAAxkDAAICoWhWBh9JTcsFFH4P6i2AiJYknR30AAKaFgACp_SwViEQ4nrnITC0NgQ,AgADmhYAAqf0sFY,,,"{'id': '52717006', 'name': 'Nenjin Ezhuth', 'url': 'https://www.jiosaavn.com/album/nenjin-ezhuth/LNBa0vH0hbk_'}",,2022-05-16,229,http://aac.saavncdn.com/552/24008ba5821efb6ef6f93b097b5e9d5f_320.mp4,
u2Y2nZj0,Ae Pulla,160kbps,CQACAgUAAxkDAAICo2hWBi_PjaN8qv11dbnPEFTBUoDkAAKbFgACp_SwVu_Pa2MS7EhBNgQ,AgADmxYAAqf0sFY,AgACAgUAAxkDAAIBRWhVluJpQFlx3jvBdfb6pjEzZL0xAALtwzEbp_SwVjXNpYg7xk0TAQADAgADeAADNgQ,AQAD7cMxG6f0sFZ9,"{'id': '51420092', 'name': 'Lal Salaam', 'url': 'https://www.jiosaavn.com/album/lal-salaam/YM70ga1PImw_'}",,2024-01-26,280,http://aac.saavncdn.com/626/65378403295050a43b9f99aa6ea0dfbe_160.mp4,https://c.saavncdn.com/626/Lal-Salaam-Original-Motion-Picture-Soundtrack-Tamil-2024-20240126174611-500x500.jpg
ecO-wDhN,Kolluraale,160kbps,CQACAgUAAxkDAAICqGhWBm083v4Y56b2GXSbfFGbBB-RAAKfFgACp_SwVuZgCESJjn-vNgQ,AgADnxYAAqf0sFY,AgACAgUAAxkDAAIBR2hVlu-zW-SkhyYvBm3yMGYmyivhAALuwzEbp_SwVn-CzrPzYAcnAQADAgADeAADNgQ,AQAD7sMxG6f0sFZ9,"{'id': '59984274', 'name': 'Maanavan (Original Motion Picture Soundtrack)', 'url': 'https://www.jiosaavn.com/album/maanavan-original-motion-picture-soundtrack/qZXRFywlbos_'}",,2024-11-27,250,https://aac.saavncdn.com/164/3f2dc63952e5c102d8a41e57cf264bef_160.mp4,https://c.saavncdn.com/164/Maanavan-Original-Motion-Picture-Soundtrack-Tamil-2024-20241126133455-500x500.jpg
ecO-wDhN,Kolluraale,320kbps,CQACAgUAAxkDAAICqWhWBnqfrEz6rK8m-AZ5n8yhW9eeAAKgFgACp_SwVpzGfgHsbcqeNgQ,AgADoBYAAqf0sFY,,,"{'id': '59984274', 'name': 'Maanavan (Original Motion Picture Soundtrack)', 'url': 'https://www.jiosaavn.com/album/maanavan-original-motion-picture-soundtrack/qZXRFywlbos_'}",,2024-11-27,250,https://aac.saavncdn.com/164/3f2dc63952e5c102d8a41e57cf264bef_320.mp4,
NIrQuoJd,Vintage Love,160kbps,CQACAgUAAxkDAAICrGhWBpFSkRlbVLGCXFzvOau5Gh_VAAKiFgACp_SwVsqh563fLFgcNgQ,AgADohYAAqf0sFY,AgACAgUAAxkDAAIBQWhVlscoqFBB5EpP6sES7dw-x-K9AALrwzEbp_SwVlySZvZ2jSS7AQADAgADeAADNgQ,AQAD68MxG6f0sFZ9,"{'id': '54007889', 'name': 'Star', 'url': 'https://www.jiosaavn.com/album/star/m5HsN4wiZfE_'}",,2024-05-04,207,https://aac.saavncdn.com/370/0bff00e0c949c18498828a6338c5fbb0_160.mp4,https://c.saavncdn.com/370/Star-Tamil-2024-20240503171716-500x500.jpg
NIrQuoJd,Vintage Love,320kbps,CQACAgUAAxkDAAICrWhWBqJLDbyczCTcHPMbxv86PnizAAKjFgACp_SwVhyaERIzug9gNgQ,AgADoxYAAqf0sFY,,,"{'id': '54007889', 'name': 'Star', 'url': 'https://www.jiosaavn.com/album/star/m5HsN4wiZfE_'}",,2024-05-04,207,https://aac.saavncdn.com/370/0bff00e0c949c18498828a6338c5fbb0_320.mp4,
4-Bc8Xpo,Ayalaa Ayalaa,160kbps,CQACAgUAAxkDAAICr2hWBrB3uiC1r9J_Hth8KIWsGuUlAAKkFgACp_SwVtKzZbIU4T4NNgQ,AgADpBYAAqf0sFY,AgACAgUAAxkDAAIBMWhVlm9sUBDAj3lKmnU5_tqm7b5WAALowzEbp_SwVjpms3aAtCzaAQADAgADeAADNgQ,AQAD6MMxG6f0sFZ9,"{'id': '51017600', 'name': 'Ayalaan (Original Motion Picture Soundtrack)', 'url': 'https://www.jiosaavn.com/album/ayalaan-original-motion-picture-soundtrack/9eIdUrdVbQU_'}",,2024-01-10,267,https://aac.saavncdn.com/452/fea6938b483496ad87dd9272a419561a_160.mp4,https://c.saavncdn.com/452/Ayalaan-Original-Motion-Picture-Soundtrack-Tamil-2024-20240110152813-500x500.jpg
4-Bc8Xpo,Ayalaa Ayalaa,320kbps,CQACAgUAAxkDAAICsGhWBry5kn9UcCtJy-H9qde8HZX5AAKlFgACp_SwVs0NLQvCEfoxNgQ,AgADpRYAAqf0sFY,,,"{'id': '51017600', 'name': 'Ayalaan (Original Motion Picture Soundtrack)', 'url': 'https://www.jiosaavn.com/album/ayalaan-original-motion-picture-soundtrack/9eIdUrdVbQU_'}",,2024-01-10,267,https://aac.saavncdn.com/452/fea6938b483496ad87dd9272a419561a_320.mp4,
XcxJsT62,Paaraa,160kbps,CQACAgUAAxkDAAICsmhWBshYZILvysaH4FJSlA7bGNeiAAKmFgACp_SwVhAPFaABGxjQNgQ,AgADphYAAqf0sFY,AgACAgUAAxkDAAIBK2hVlkDO_BqLJHEWsdbxp8CJezb9AALlwzEbp_SwViZWMF051mG8AQADAgADeAADNgQ,AQAD5cMxG6f0sFZ9,"{'id': '54862342', 'name': 'Indian 2 (Original Motion Picture Soundtrack)', 'url': 'https://www.jiosaavn.com/album/indian-2-original-motion-picture-soundtrack/9dCuHzz5XS0_'}",,2024-06-01,252,http://aac.saavncdn.com/736/75a98820c472a1dc5e5908d4a98fb358_160.mp4,https://c.saavncdn.com/736/Indian-2-Original-Motion-Picture-Soundtrack-Tamil-2024-20240611104646-500x500.jpg
XcxJsT62,Paaraa,320kbps,CQACAgUAAxkDAAICtGhWBub72BJhlnC9gD6HoY9RsLIpAAKoFgACp_SwVkYI76t9GNTZNgQ,AgADqBYAAqf0sFY,,,"{'id': '54862342', 'name': 'Indian 2 (Original Motion Picture Soundtrack)', 'url': 'https://www.jiosaavn.com/album/indian-2-original-motion-picture-soundtrack/9dCuHzz5XS0_'}",,2024-06-01,252,http://aac.saavncdn.com/736/75a98820c472a1dc5e5908d4a98fb358_320.mp4,
xhPOxeio,Netru Varai,160kbps,CQACAgUAAxkDAAICtmhWBvNS6L4bAVB8Jp7eBHRYnejwAAKpFgACp_SwVnzg3tQhu52DNgQ,AgADqRYAAqf0sFY,AgACAgUAAxkDAAIBT2hVlyMUuFXcmQz2fAlcdv93xRcbAALvwzEbp_SwVgOg824qGaSeAQADAgADeAADNgQ,AQAD78MxG6f0sFZ9,"{'id': '51715156', 'name': 'Siren', 'url': 'https://www.jiosaavn.com/album/siren/T,YEo2G3lJA_'}",,2024-02-08,274,http://aac.saavncdn.com/702/207203e4e7ba9eb0fadcc0df18c80f08_160.mp4,https://c.saavncdn.com/702/Siren-Tamil-2024-20240207195529-500x500.jpg
xhPOxeio,Netru Varai,320kbps,CQACAgUAAxkDAAICt2hWBwLc2OBDR_3X5aBtRuInj0DdAAKqFgACp_SwVjhVwhbmoD0vNgQ,AgADqhYAAqf0sFY,,,"{'id': '51715156', 'name': 'Siren', 'url': 'https://www.jiosaavn.com/album/siren/T,YEo2G3lJA_'}",,2024-02-08,274,http://aac.saavncdn.com/702/207203e4e7ba9eb0fadcc0df18c80f08_320.mp4,
_uooJSV4,Aasa Orave,160kbps,CQACAgUAAxkDAAICuWhWBw2SBBlpE9dL57fbGtGYOy00AAKrFgACp_SwVsQkkprJhBc3NgQ,AgADqxYAAqf0sFY,AgACAgUAAxkDAAIBL2hVlmJf1SmMir9LFFEKP42eJVffAALnwzEbp_SwVnIhHXmzCMzvAQADAgADeAADNgQ,AQAD58MxG6f0sFZ9,"{'id': '57520134', 'name': 'Lubber Pandhu', 'url': 'https://www.jiosaavn.com/album/lubber-pandhu/KOmId8S,rtc_'}",,2024-08-28,226,http://aac.saavncdn.com/230/3e8f470b7a1fc1b74c584e1212caa7ca_160.mp4,https://c.saavncdn.com/230/Lubber-Pandhu-Original-Motion-Picture-Soundtrack-Tamil-2024-20240828151816-500x500.jpg
_uooJSV4,Aasa Orave,320kbps,CQACAgUAAxkDAAICu2hWCvDnhaml-8tTkOSXT_CUEyirAAK8FgACp_SwVnOlbDLdcN2RNgQ,AgADvBYAAqf0sFY,,,"{'id': '57520134', 'name': 'Lubber Pandhu', 'url': 'https://www.jiosaavn.com/album/lubber-pandhu/KOmId8S,rtc_'}",,2024-08-28,226,http://aac.saavncdn.com/230/3e8f470b7a1fc1b74c584e1212caa7ca_320.mp4,
kPOhb1W3,Come Back Indian,160kbps,CQACAgUAAxkDAAICvWhWCv03j7OpN6IZD76k8HwZ1pk6AAK9FgACp_SwVnrIe803_OmWNgQ,AgADvRYAAqf0sFY,AgACAgUAAxkDAAIBK2hVlkDO_BqLJHEWsdbxp8CJezb9AALlwzEbp_SwViZWMF051mG8AQADAgADeAADNgQ,AQAD5cMxG6f0sFZ9,"{'id': '54862342', 'name': 'Indian 2 (Original Motion Picture Soundtrack)', 'url': 'https://www.jiosaavn.com/album/indian-2-original-motion-picture-soundtrack/9dCuHzz5XS0_'}",,2024-06-01,214,https://aac.saavncdn.com/736/1919e10452fa8eefefb865d3ce4c6230_160.mp4,https://c.saavncdn.com/736/Indian-2-Original-Motion-Picture-Soundtrack-Tamil-2024-20240611104646-500x500.jpg
kPOhb1W3,Come Back Indian,320kbps,CQACAgUAAxkDAAICvmhWCwv9rXLi74L6CgSzDvPkdpCiAAK-FgACp_SwVnYd0lnOYoeqNgQ,AgADvhYAAqf0sFY,,,"{'id': '54862342', 'name': 'Indian 2 (Original Motion Picture Soundtrack)', 'url': 'https://www.jiosaavn.com/album/indian-2-original-motion-picture-soundtrack/9dCuHzz5XS0_'}",,2024-06-01,214,https://aac.saavncdn.com/736/1919e10452fa8eefefb865d3ce4c6230_320.mp4,
HFbcUCzv,Suro Suro,160kbps,CQACAgUAAxkDAAICwWhWCyGSTJugFcUDVhBf909emcDcAALAFgACp_SwVuMyhFH2vrfONgQ,AgADwBYAAqf0sFY,AgACAgUAAxkDAAIBMWhVlm9sUBDAj3lKmnU5_tqm7b5WAALowzEbp_SwVjpms3aAtCzaAQADAgADeAADNgQ,AQAD6MMxG6f0sFZ9,"{'id': '51017600', 'name': 'Ayalaan (Original Motion Picture Soundtrack)', 'url': 'https://www.jiosaavn.com/album/ayalaan-original-motion-picture-soundtrack/9eIdUrdVbQU_'}",,2024-01-10,235,http://aac.saavncdn.com/452/39ef58620f7948ac50a5e9a5749374cf_160.mp4,https://c.saavncdn.com/452/Ayalaan-Original-Motion-Picture-Soundtrack-Tamil-2024-20240110152813-500x500.jpg
HFbcUCzv,Suro Suro,320kbps,CQACAgUAAxkDAAICwmhWCzFdumRCCyXBsNCTouPzSc58AALBFgACp_SwVhngvzNNNR28NgQ,AgADwRYAAqf0sFY,,,"{'id': '51017600', 'name': 'Ayalaan (Original Motion Picture Soundtrack)', 'url': 'https://www.jiosaavn.com/album/ayalaan-original-motion-picture-soundtrack/9eIdUrdVbQU_'}",,2024-01-10,235,http://aac.saavncdn.com/452/39ef58620f7948ac50a5e9a5749374cf_320.mp4,
BVjan6oi,Hey Minnale,160kbps,CQACAgUAAxkDAAICxGhWCzynz4f5AcsT1OFN8QmD6cQ4AALCFgACp_SwVgZbvE7_OcjNNgQ,AgADwhYAAqf0sFY,AgACAgUAAxkDAAIBV2hVl10fVHH6Mq_1Nw9RBbQcd0I2AALwwzEbp_SwVpwOsu7jynW4AQADAgADeAADNgQ,AQAD8MMxG6f0sFZ9,"{'id': '59686460', 'name': 'Amaran (Tamil)', 'url': 'https://www.jiosaavn.com/album/amaran-tamil/1UAPmdKIIrw_'}",,2024-11-16,229,http://aac.saavncdn.com/872/d9f7fc1e9eccbcc9f9809e6791fd33ff_160.mp4,https://c.saavncdn.com/872/Amaran-Tamil-Tamil-2024-20241119174100-500x500.jpg
BVjan6oi,Hey Minnale,320kbps,CQACAgUAAxkDAAICxWhWC0-B30vflHb_duccI92oZF11AALDFgACp_SwVpydz6rnwzVNNgQ,AgADwxYAAqf0sFY,,,"{'id': '59686460', 'name': 'Amaran (Tamil)', 'url': 'https://www.jiosaavn.com/album/amaran-tamil/1UAPmdKIIrw_'}",,2024-11-16,229,http://aac.saavncdn.com/872/d9f7fc1e9eccbcc9f9809e6791fd33ff_320.mp4,
GUURlhr1,Aasa Kooda,160kbps,CQACAgUAAxkDAAICx2hWC1xfSLZTJ40PPOXqlWSqTBchAALEFgACp_SwVs40cOf2LS1yNgQ,AgADxBYAAqf0sFY,AgACAgUAAxkDAAIBWWhVl3JRT4_ZGzC23T1rqVopZt8RAALxwzEbp_SwVnYEXqfoi52hAQADAgADeAADNgQ,AQAD8cMxG6f0sFZ9,"{'id': '55191928', 'name': 'Aasa Kooda from Think Indie', 'url': 'https://www.jiosaavn.com/album/aasa-kooda-from-think-indie/s5dKWOyTaLE_'}",,2024-06-13,215,http://aac.saavncdn.com/772/0f247ca9b767aa3a108c4c0ddcc93ac1_160.mp4,https://c.saavncdn.com/772/Aasa-Kooda-from-Think-Indie-Tamil-2024-20241209235403-500x500.jpg
GUURlhr1,Aasa Kooda,320kbps,CQACAgUAAxkDAAICyGhWC2jD_R3FrjOSAzTxOAfkdDJrAALHFgACp_SwVvRJkejhZxgAATYE,AgADxxYAAqf0sFY,,,"{'id': '55191928', 'name': 'Aasa Kooda from Think Indie', 'url': 'https://www.jiosaavn.com/album/aasa-kooda-from-think-indie/s5dKWOyTaLE_'}",,2024-06-13,215,http://aac.saavncdn.com/772/0f247ca9b767aa3a108c4c0ddcc93ac1_320.mp4,
F_fgk0mb,Katchi Sera,160kbps,CQACAgUAAxkDAAICy2hWC34-ewj9ElQbgTH6xKIBdx9aAALJFgACp_SwVjf3OOI6ECM5NgQ,AgADyRYAAqf0sFY,AgACAgUAAxkDAAIBW2hVl32DCwlEDGD7ywR0FniJkxJSAALWxTEbBiOoVm1zj42iMBQUAQADAgADeAADNgQ,AQAD1sUxGwYjqFZ9,"{'id': '51297594', 'name': 'Katchi Sera from Think Indie', 'url': 'https://www.jiosaavn.com/album/katchi-sera-from-think-indie/rPf80DehViA_'}",,2024-01-22,181,https://aac.saavncdn.com/118/c2dfbaa9abe027aae67e7446579c7d58_160.mp4,https://c.saavncdn.com/118/Katchi-Sera-from-Think-Indie-Tamil-2024-20240122043105-500x500.jpg
F_fgk0mb,Katchi Sera,320kbps,CQACAgUAAxkDAAICzWhWC5cAASLZ2pIvJq78Cy8wsMlljgACyxYAAqf0sFY2fb7bBZSihDYE,AgADyxYAAqf0sFY,,,"{'id': '51297594', 'name': 'Katchi Sera from Think Indie', 'url': 'https://www.jiosaavn.com/album/katchi-sera-from-think-indie/rPf80DehViA_'}",,2024-01-22,181,https://aac.saavncdn.com/118/c2dfbaa9abe027aae67e7446579c7d58_320.mp4,
bldS5-36,Minikki Minikki,160kbps,CQACAgUAAxkDAAICz2hWC6Z1EdpkkXkWKc7YrnQFSlnpAALMFgACp_SwVqySJxHbrcCzNgQ,AgADzBYAAqf0sFY,AgACAgUAAxkDAAIBXWhVl4pmBRcoxTYKc_Xzjv5mKUwOAALywzEbp_SwVpPfdl7SY4U3AQADAgADeAADNgQ,AQAD8sMxG6f0sFZ9,"{'id': '57134736', 'name': 'Thangalaan (Original Motion Picture Soundtrack) (Tamil)', 'url': 'https://www.jiosaavn.com/album/thangalaan-original-motion-picture-soundtrack-tamil/5g7SVGaBvq0_'}",,2024-08-14,202,http://aac.saavncdn.com/232/b5457cb3ca14fc8ea0c085ba80a0a15a_160.mp4,https://c.saavncdn.com/232/Thangalaan-Original-Motion-Picture-Soundtrack-Tamil-Tamil-2024-20240814142600-500x500.jpg
bldS5-36,Minikki Minikki,320kbps,CQACAgUAAxkDAAIC0GhWC7HD3c5CNw3QJ_CJE1_lx6ElAALNFgACp_SwVh0k7e7qJ_2eNgQ,AgADzRYAAqf0sFY,,,"{'id': '57134736', 'name': 'Thangalaan (Original Motion Picture Soundtrack) (Tamil)', 'url': 'https://www.jiosaavn.com/album/thangalaan-original-motion-picture-soundtrack-tamil/5g7SVGaBvq0_'}",,2024-08-14,202,http://aac.saavncdn.com/232/b5457cb3ca14fc8ea0c085ba80a0a15a_320.mp4,
f3Z9Vohz,Whistle Podu,160kbps,CQACAgUAAxkDAAIC0mhWC75df31FhTHOX73C1XW1-viDAALOFgACp_SwVjXZz1FVRuOvNgQ,AgADzhYAAqf0sFY,AgACAgUAAxkDAAIBX2hVl5M2oMVF3Nt94Jt7U3bQsCYXAALzwzEbp_SwVppbpQAB55hqmgEAAwIAA3gAAzYE,AQAD88MxG6f0sFZ9,"{'id': '57687828', 'name': 'The Greatest Of All Time - (Tamil)', 'url': 'https://www.jiosaavn.com/album/the-greatest-of-all-time-tamil/aO-StDZrm5M_'}",,2024-09-03,281,http://aac.saavncdn.com/829/8a829e03099a158056751615cc6abe91_160.mp4,https://c.saavncdn.com/829/The-Greatest-Of-All-Time-Tamil-Tamil-2024-20240903191033-500x500.jpg
f3Z9Vohz,Whistle Podu,320kbps,CQACAgUAAxkDAAIC1GhWC9wAAdtKawnLFTXsSw77t4oepgAC0BYAAqf0sFYHaRtNVK46yTYE,AgAD0BYAAqf0sFY,,,"{'id': '57687828', 'name': 'The Greatest Of All Time - (Tamil)', 'url': 'https://www.jiosaavn.com/album/the-greatest-of-all-time-tamil/aO-StDZrm5M_'}",,2024-09-03,281,http://aac.saavncdn.com/829/8a829e03099a158056751615cc6abe91_320.mp4,
PGR0je9c,Golden Sparrow,160kbps,CQACAgUAAxkDAAIC1mhWC-jI3yc7fLkyCY0j84BhI-a3AALRFgACp_SwVqv5Mf53Eh63NgQ,AgAD0RYAAqf0sFY,AgACAgUAAxkDAAIBYWhVl6rCM0qQ25Fz1po48woxBFgEAAL0wzEbp_SwVrB3jkmcw6c2AQADAgADeAADNgQ,AQAD9MMxG6f0sFZ9,"{'id': '63325802', 'name': 'Jaabilamma Neeku Antha Kopama', 'url': 'https://www.jiosaavn.com/album/jaabilamma-neeku-antha-kopama/xBeWuOkDHdA_'}",,2025-04-01,230,http://aac.saavncdn.com/296/63adea389c6646686aab6a73d9ceaf33_160.mp4,https://c.saavncdn.com/296/Jaabilamma-Neeku-Antha-Kopama-Telugu-2025-20250329114015-500x500.jpg
aJ6qxPDa,Chinna Chinna Kangal,160kbps,CQACAgUAAxkDAAIC22hWDBxHbVgjFXjit5qJcgJghsDiAALUFgACp_SwVv0XODg3C50YNgQ,AgAD1BYAAqf0sFY,AgACAgUAAxkDAAIBX2hVl5M2oMVF3Nt94Jt7U3bQsCYXAALzwzEbp_SwVppbpQAB55hqmgEAAwIAA3gAAzYE,AQAD88MxG6f0sFZ9,"{'id': '57687828', 'name': 'The Greatest Of All Time - (Tamil)', 'url': 'https://www.jiosaavn.com/album/the-greatest-of-all-time-tamil/aO-StDZrm5M_'}",,2024-09-03,269,https://aac.saavncdn.com/829/d2871b016aabfc0ba69eeb70386011a7_160.mp4,https://c.saavncdn.com/829/The-Greatest-Of-All-Time-Tamil-Tamil-2024-20240903191033-500x500.jpg
OkRQWOUv,Daavudi,160kbps,CQACAgUAAxkDAAIC4GhWDF49XjqoP91FFRsQnXbgCZdQAALYFgACp_SwVugAAbK2e-7uPjYE,AgAD2BYAAqf0sFY,AgACAgUAAxkDAAIBZWhVl9HDq6qNsiAYjy5e3zCAEc7zAAL1wzEbp_SwVnIDsZnqxuhoAQADAgADeAADNgQ,AQAD9cMxG6f0sFZ9,"{'id': '58371014', 'name': 'Devara Part 1 - Telugu', 'url': 'https://www.jiosaavn.com/album/devara-part-1-telugu/kArqawD7cKk_'}",,2024-09-26,229,http://aac.saavncdn.com/313/3600bf6dd4f580fe5d06ddef64ed6c4e_160.mp4,https://c.saavncdn.com/313/Devara-Part-1-Telugu-Telugu-2024-20240926171010-500x500.jpg
OkRQWOUv,Daavudi,320kbps,CQACAgUAAxkDAAIC4mhWDHbBDXaC4H6KumTRAl6BGbjgAALaFgACp_SwVslwyZx-UY6ENgQ,AgAD2hYAAqf0sFY,,,"{'id': '58371014', 'name': 'Devara Part 1 - Telugu', 'url': 'https://www.jiosaavn.com/album/devara-part-1-telugu/kArqawD7cKk_'}",,2024-09-26,229,http://aac.saavncdn.com/313/3600bf6dd4f580fe5d06ddef64ed6c4e_320.mp4,
iGlEUFsg,Pushpa Pushpa,160kbps,CQACAgUAAxkDAAIC5GhWDILm6Nu2hwGDMTO6eRGVD_VSAALbFgACp_SwVovwRT1TD9fXNgQ,AgAD2xYAAqf0sFY,AgACAgUAAxkDAAIBZ2hVl96nuTPml8FKm7SuXQeEfAX1AAL2wzEbp_SwVnx2piFckgXEAQADAgADeAADNgQ,AQAD9sMxG6f0sFZ9,"{'id': '60254268', 'name': 'Pushpa 2 The Rule - (Telugu)', 'url': 'https://www.jiosaavn.com/album/pushpa-2-the-rule-telugu/a1ViDuBUzVw_'}",,2024-12-05,256,http://aac.saavncdn.com/366/0377fc358eb812da5d44b215b4bebfb3_160.mp4,https://c.saavncdn.com/366/Pushpa-2-The-Rule-Telugu-Telugu-2024-20241205211012-500x500.jpg
iGlEUFsg,Pushpa Pushpa,320kbps,CQACAgUAAxkDAAIC52hWDKyznoYDhJpfPyvh9UlwSq89AALeFgACp_SwVjGSPJD3QrTtNgQ,AgAD3hYAAqf0sFY,,,"{'id': '60254268', 'name': 'Pushpa 2 The Rule - (Telugu)', 'url': 'https://www.jiosaavn.com/album/pushpa-2-the-rule-telugu/a1ViDuBUzVw_'}",,2024-12-05,256,http://aac.saavncdn.com/366/0377fc358eb812da5d44b215b4bebfb3_320.mp4,
QrQskaov,Koranaaru,160kbps,CQACAgUAAxkDAAIC6WhWDLhEHyq-Pq6i6c9oxo_r0ndzAALfFgACp_SwVnDV8UKc6ELhNgQ,AgAD3xYAAqf0sFY,AgACAgUAAxkDAAIBaWhVl-u6qJVGyD7mD6nUmTnJjTSAAAL3wzEbp_SwViVMjjmIQi28AQADAgADeAADNgQ,AQAD98MxG6f0sFZ9,"{'id': '54173987', 'name': 'Captain Miller (Tamil)', 'url': 'https://www.jiosaavn.com/album/captain-miller-tamil/22zgRmPw8KA_'}",,2024-05-09,201,https://aac.saavncdn.com/055/14377c5612aaba0438cc8d22ec5a4d35_160.mp4,https://c.saavncdn.com/055/Captain-Miller-Tamil-Tamil-2024-20240725103759-500x500.jpg
QrQskaov,Koranaaru,320kbps,CQACAgUAAxkDAAIC6mhWDMRIiILVpdwLpBC3bVY35JMGAALgFgACp_SwVnirP01UgLs5NgQ,AgAD4BYAAqf0sFY,,,"{'id': '54173987', 'name': 'Captain Miller (Tamil)', 'url': 'https://www.jiosaavn.com/album/captain-miller-tamil/22zgRmPw8KA_'}",,2024-05-09,201,https://aac.saavncdn.com/055/14377c5612aaba0438cc8d22ec5a4d35_320.mp4,
C9thZ3bZ,En Rojaa Neeye,160kbps,CQACAgUAAxkDAAIC7GhWDNCHhclp_utIcDCbHrhlKDg-AALhFgACp_SwVrDzGedPCQAB-zYE,AgAD4RYAAqf0sFY,AgACAgUAAxkDAAIBa2hVl_YlqtskJlMI7Z2pBxxnOeLHAAL4wzEbp_SwVmWq34ATkZMVAQADAgADeAADNgQ,AQAD-MMxG6f0sFZ9,"{'id': '53849972', 'name': 'Kushi (Tamil)', 'url': 'https://www.jiosaavn.com/album/kushi-tamil/cXlsjrBifZY_'}",,2023-08-29,243,http://aac.saavncdn.com/683/b9c5368d21c6cab0efe4cf6a05d02f38_160.mp4,https://c.saavncdn.com/683/Kushi-Tamil-Tamil-2023-20250130073118-500x500.jpg
C9thZ3bZ,En Rojaa Neeye,320kbps,CQACAgUAAxkDAAIC7mhWDOpQOhq6IUumZFTYb96YzUjjAALjFgACp_SwVqgN083CmE1zNgQ,AgAD4xYAAqf0sFY,,,"{'id': '53849972', 'name': 'Kushi (Tamil)', 'url': 'https://www.jiosaavn.com/album/kushi-tamil/cXlsjrBifZY_'}",,2023-08-29,243,http://aac.saavncdn.com/683/b9c5368d21c6cab0efe4cf6a05d02f38_320.mp4,
PzSWB1We,Vennilavu Saaral,160kbps,CQACAgUAAxkDAAIC8GhWDPbzhQ03uLlcIPvWqUuqgiinAALkFgACp_SwVkxnCHjf7_A1NgQ,AgAD5BYAAqf0sFY,AgACAgUAAxkDAAIBV2hVl10fVHH6Mq_1Nw9RBbQcd0I2AALwwzEbp_SwVpwOsu7jynW4AQADAgADeAADNgQ,AQAD8MMxG6f0sFZ9,"{'id': '59686460', 'name': 'Amaran (Tamil)', 'url': 'https://www.jiosaavn.com/album/amaran-tamil/1UAPmdKIIrw_'}",,2024-11-16,213,http://aac.saavncdn.com/872/5f2576ca5d42de6dba847c43f2a0e020_160.mp4,https://c.saavncdn.com/872/Amaran-Tamil-Tamil-2024-20241119174100-500x500.jpg
PzSWB1We,Vennilavu Saaral,320kbps,CQACAgUAAxkDAAIC8WhWDQNKTzd9tkuGZ4wD-_q-508qAALlFgACp_SwVvGS9GhtNWoqNgQ,AgAD5RYAAqf0sFY,,,"{'id': '59686460', 'name': 'Amaran (Tamil)', 'url': 'https://www.jiosaavn.com/album/amaran-tamil/1UAPmdKIIrw_'}",,2024-11-16,213,http://aac.saavncdn.com/872/5f2576ca5d42de6dba847c43f2a0e020_320.mp4,
3EpFxAYh,Paththavaikkum,160kbps,CQACAgUAAxkDAAIC82hWDQ_YX4jizke8jeekjoUAAZKQzAAC5hYAAqf0sFYBVWYGuXdkLDYE,AgAD5hYAAqf0sFY,AgACAgUAAxkDAAIBb2hVmBRPNeLAd7QIHoYRprlbGX8AA_nDMRun9LBWxnN3aFhFuQABAQADAgADeAADNgQ,AQAD-cMxG6f0sFZ9,"{'id': '58371017', 'name': 'Devara Part 1 - Tamil', 'url': 'https://www.jiosaavn.com/album/devara-part-1-tamil/LSqSMeAG-9k_'}",,2024-09-26,222,http://aac.saavncdn.com/320/d89acd607ef0f7f3248ae220c0961b12_160.mp4,https://c.saavncdn.com/320/Devara-Part-1-Tamil-Tamil-2024-20240926171017-500x500.jpg
3EpFxAYh,Paththavaikkum,320kbps,CQACAgUAAxkDAAIC9mhWDUREPeTmprpK_oSBr4da55k9AALpFgACp_SwVvxJeA1Q3mHGNgQ,AgAD6RYAAqf0sFY,,,"{'id': '58371017', 'name': 'Devara Part 1 - Tamil', 'url': 'https://www.jiosaavn.com/album/devara-part-1-tamil/LSqSMeAG-9k_'}",,2024-09-26,222,http://aac.saavncdn.com/320/d89acd607ef0f7f3248ae220c0961b12_320.mp4,
yBmo2qWU,Uyirey,160kbps,CQACAgUAAxkDAAIC-GhWDVN0WiczlzbGjY-Fi-UwcylZAALqFgACp_SwVvtA-NHlnH9GNgQ,AgAD6hYAAqf0sFY,AgACAgUAAxkDAAIBV2hVl10fVHH6Mq_1Nw9RBbQcd0I2AALwwzEbp_SwVpwOsu7jynW4AQADAgADeAADNgQ,AQAD8MMxG6f0sFZ9,"{'id': '59686460', 'name': 'Amaran (Tamil)', 'url': 'https://www.jiosaavn.com/album/amaran-tamil/1UAPmdKIIrw_'}",,2024-11-16,210,https://aac.saavncdn.com/872/e83e4b73ae86404e9a2bc49e1022160c_160.mp4,https://c.saavncdn.com/872/Amaran-Tamil-Tamil-2024-20241119174100-500x500.jpg
yBmo2qWU,Uyirey,320kbps,CQACAgUAAxkDAAIC-2hWDX8mSjKHJT3l68T9aIFfUVZ7AALtFgACp_SwVr8WsJJ3fghvNgQ,AgAD7RYAAqf0sFY,,,"{'id': '59686460', 'name': 'Amaran (Tamil)', 'url': 'https://www.jiosaavn.com/album/amaran-tamil/1UAPmdKIIrw_'}",,2024-11-16,210,https://aac.saavncdn.com/872/e83e4b73ae86404e9a2bc49e1022160c_320.mp4,
tUhpuE-9,Yolo,160kbps,CQACAgUAAxkDAAIC_WhWDZCK_dVC2SaN6uEXhudMbZItAALuFgACp_SwVsGFMX898q06NgQ,AgAD7hYAAqf0sFY,AgACAgUAAxkDAAIBc2hVmC6CI2NfYQ2-6W18SoO1uRfqAAL6wzEbp_SwVr6Ez9EaO0o-AQADAgADeAADNgQ,AQAD-sMxG6f0sFZ9,"{'id': '60414155', 'name': 'Kanguva (Telugu)', 'url': 'https://www.jiosaavn.com/album/kanguva-telugu/5Z9,lVsTIG8_'}",,2024-12-11,238,http://aac.saavncdn.com/248/19f944494d61c5ccb85160c5467a8799_160.mp4,https://c.saavncdn.com/248/Kanguva-Telugu-Telugu-2024-20241211104208-500x500.jpg
tUhpuE-9,Yolo,320kbps,CQACAgUAAxkDAAIC_2hWDa-kUS_9UraRpIsjjK4gtEVuAALwFgACp_SwVnj8WC_O89zSNgQ,AgAD8BYAAqf0sFY,,,"{'id': '60414155', 'name': 'Kanguva (Telugu)', 'url': 'https://www.jiosaavn.com/album/kanguva-telugu/5Z9,lVsTIG8_'}",,2024-12-11,238,http://aac.saavncdn.com/248/19f944494d61c5ccb85160c5467a8799_320.mp4,
G_h8-ZoA,Dippam Dappam,160kbps,CQACAgUAAxkDAAIDAWhWDb0WjMZ5cOVA1DPiNqXDbGpwAALxFgACp_SwVukEekaPgsxINgQ,AgAD8RYAAqf0sFY,AgACAgUAAxkDAAIBdWhVmDrXfWt21HxZO896lLHClcCGAAL7wzEbp_SwVjOBfX6AAAF-rQEAAwIAA3gAAzYE,AQAD-8MxG6f0sFZ9,"{'id': '34588482', 'name': 'Kaathuvaakula Rendu Kaadhal (Original Motion Picture Soundtrack)', 'url': 'https://www.jiosaavn.com/album/kaathuvaakula-rendu-kaadhal-original-motion-picture-soundtrack/So3yiQ8Il5I_'}",,2022-04-28,209,http://aac.saavncdn.com/403/da61e4e34b6fe98fbb787a9353f41892_160.mp4,https://c.saavncdn.com/403/Kaathuvaakula-Rendu-Kaadhal-Original-Motion-Picture-Soundtrack-Tamil-2022-20220428131043-500x500.jpg
G_h8-ZoA,Dippam Dappam,320kbps,CQACAgUAAxkDAAIDAmhWDchKtGgpeIkdzqTmeazUFWGXAALyFgACp_SwVnwrpBMnC7maNgQ,AgAD8hYAAqf0sFY,,,"{'id': '34588482', 'name': 'Kaathuvaakula Rendu Kaadhal (Original Motion Picture Soundtrack)', 'url': 'https://www.jiosaavn.com/album/kaathuvaakula-rendu-kaadhal-original-motion-picture-soundtrack/So3yiQ8Il5I_'}",,2022-04-28,209,http://aac.saavncdn.com/403/da61e4e34b6fe98fbb787a9353f41892_320.mp4,
BX1K6XZU,Maruvaarthai,160kbps,CQACAgUAAxkDAAIDBGhWDdd7fa1MJsa9R_uirsNyCNL2AALzFgACp_SwVpfNZsPCrN6-NgQ,AgAD8xYAAqf0sFY,AgACAgUAAxkDAAIBd2hVmEMBWKdiAAFZusNpGKHoDtXcUwAC_MMxG6f0sFbxKsyuV_8n6gEAAwIAA3gAAzYE,AQAD_MMxG6f0sFZ9,"{'id': '45242800', 'name': 'Enai Noki Paayum Thota', 'url': 'https://www.jiosaavn.com/album/enai-noki-paayum-thota/zG1SJk33W8Y_'}",,2023-05-09,356,http://aac.saavncdn.com/541/053790ea82e4bd0a86769943d297b1ed_160.mp4,https://c.saavncdn.com/541/Enai-Noki-Paayum-Thota-Tamil-2023-20240221045138-500x500.jpg
BX1K6XZU,Maruvaarthai,320kbps,CQACAgUAAxkDAAIDBWhWDelTNfP0Kdzr5hz9_GVcFk8YAAL0FgACp_SwVvY_74QMs9OoNgQ,AgAD9BYAAqf0sFY,,,"{'id': '45242800', 'name': 'Enai Noki Paayum Thota', 'url': 'https://www.jiosaavn.com/album/enai-noki-paayum-thota/zG1SJk33W8Y_'}",,2023-05-09,356,http://aac.saavncdn.com/541/053790ea82e4bd0a86769943d297b1ed_320.mp4,
2W5L2FLP,His Name is John,160kbps,CQACAgUAAxkDAAIDB2hWDfPUcTLX7VHnS9CNQKp4A5YrAAL1FgACp_SwVht00h1BUX9eNgQ,AgAD9RYAAqf0sFY,AgACAgUAAxkDAAIBeWhVmFHbfs9nNnoTUM6wNUUXHC8RAAL9wzEbp_SwVmDkgfiTJ6kuAQADAgADeAADNgQ,AQAD_cMxG6f0sFZ9,"{'id': '49949293', 'name': 'Dhruva Natchathiram (Original Motion Picture Soundtrack)', 'url': 'https://www.jiosaavn.com/album/dhruva-natchathiram-original-motion-picture-soundtrack/mh1tn6V,E9Q_'}",,2023-11-24,229,http://aac.saavncdn.com/265/1da8258cc1b7baf73bc2fc780a868254_160.mp4,https://c.saavncdn.com/265/Dhruva-Natchathiram-Original-Motion-Picture-Soundtrack-Tamil-2023-20231123124546-500x500.jpg
2W5L2FLP,His Name is John,320kbps,CQACAgUAAxkDAAIDCGhWDgABfedPvFTWYV1xrPRq4ROYbgAC9hYAAqf0sFaNZREa8otWAzYE,AgAD9hYAAqf0sFY,,,"{'id': '49949293', 'name': 'Dhruva Natchathiram (Original Motion Picture Soundtrack)', 'url': 'https://www.jiosaavn.com/album/dhruva-natchathiram-original-motion-picture-soundtrack/mh1tn6V,E9Q_'}",,2023-11-24,229,http://aac.saavncdn.com/265/1da8258cc1b7baf73bc2fc780a868254_320.mp4,
aRZbUYD7,Tum Tum,160kbps,CQACAgUAAxkDAAIDCmhWDgwB-aUrd4RMSw66M4yAVv-RAAL3FgACp_SwVoDtqZHxL0d3NgQ,AgAD9xYAAqf0sFY,AgACAgUAAxkDAAIBe2hVmGf80Wvp14iMUuCbdi7LrErgAAL-wzEbp_SwVsj4fYvCzoIpAQADAgADeAADNgQ,AQAD_sMxG6f0sFZ9,"{'id': '1139549', 'name': 'Aashiqui 2', 'url': 'https://www.jiosaavn.com/album/aashiqui-2/-iNdCmFNV9o_'}",,2013-04-04,262,https://aac.saavncdn.com/430/5c5ea5cc00e3bff45616013226f376fe_160.mp4,https://c.saavncdn.com/430/Aashiqui-2-Hindi-2013-500x500.jpg
aRZbUYD7,Tum Tum,320kbps,CQACAgUAAxkDAAIDC2hWDhehgO5tkrRbZ_gQE_4_BIXnAAL4FgACp_SwVs27sZQsNzYGNgQ,AgAD-BYAAqf0sFY,,,"{'id': '1139549', 'name': 'Aashiqui 2', 'url': 'https://www.jiosaavn.com/album/aashiqui-2/-iNdCmFNV9o_'}",,2013-04-04,262,https://aac.saavncdn.com/430/5c5ea5cc00e3bff45616013226f376fe_320.mp4,
uVAEjP2n,Osarattum Pathu Thala,160kbps,CQACAgUAAxkDAAIDDWhWDiEcyJd06p3cvfyA1UpDtiPNAAL5FgACp_SwVjKfv3VxDFLNNgQ,AgAD-RYAAqf0sFY,AgACAgUAAxkDAAIBfWhVmHITErv0MUogLIjc08nKf4VlAAL_wzEbp_SwVlE6foNlNsimAQADAgADeAADNgQ,AQAD_8MxG6f0sFZ9,"{'id': '43946054', 'name': 'Osarattum Pathu Thala (From &quot;Pathu Thala&quot;)', 'url': 'https://www.jiosaavn.com/album/osarattum-pathu-thala-from-pathu-thala/4S-hBbcbRqk_'}",,2023-03-28,290,http://aac.saavncdn.com/084/4832862f6c151a6d471d5ea171376b71_160.mp4,https://c.saavncdn.com/084/Osarattum-Pathu-Thala-From-Pathu-Thala-Tamil-2023-20230327221402-500x500.jpg
uVAEjP2n,Osarattum Pathu Thala,320kbps,CQACAgUAAxkDAAIDDmhWDjR_CDoDqjISgkJyK9vrzyJ8AAL6FgACp_SwVl7TZ9KZmRUFNgQ,AgAD-hYAAqf0sFY,,,"{'id': '43946054', 'name': 'Osarattum Pathu Thala (From &quot;Pathu Thala&quot;)', 'url': 'https://www.jiosaavn.com/album/osarattum-pathu-thala-from-pathu-thala/4S-hBbcbRqk_'}",,2023-03-28,290,http://aac.saavncdn.com/084/4832862f6c151a6d471d5ea171376b71_320.mp4,
mGfJJZC7,Aradhya,160kbps,CQACAgUAAxkDAAIDEGhWDkAw8uM3D10X9gxvFXLxCDEPAAL7FgACp_SwVjvY2xeUZWMtNgQ,AgAD-xYAAqf0sFY,AgACAgUAAxkDAAIBf2hVmH8_8GMqO1YBVpU9602i2CnHAAPEMRun9LBW9ctlAAGnSlRSAQADAgADeAADNgQ,AQAExDEbp_SwVn0,"{'id': '53849968', 'name': 'Kushi (Telugu)', 'url': 'https://www.jiosaavn.com/album/kushi-telugu/W98UnylgH48_'}",,2023-08-29,282,http://aac.saavncdn.com/679/85bf5d4b59843045f816ac905fd97219_160.mp4,https://c.saavncdn.com/679/Kushi-Telugu-Telugu-2023-20250130073127-500x500.jpg
mGfJJZC7,Aradhya,320kbps,CQACAgUAAxkDAAIDEmhWDl-dxIzKufJXMhFPWuuF2eMQAAL9FgACp_SwVrZOCV9t09YXNgQ,AgAD_RYAAqf0sFY,,,"{'id': '53849968', 'name': 'Kushi (Telugu)', 'url': 'https://www.jiosaavn.com/album/kushi-telugu/W98UnylgH48_'}",,2023-08-29,282,http://aac.saavncdn.com/679/85bf5d4b59843045f816ac905fd97219_320.mp4,
sa4mKbze,Nenjukkul Peidhidum,160kbps,CQACAgUAAxkDAAIDFGhWDmrT2n0jzGLth0cYGH9oI7jGAAL-FgACp_SwVqtRpup_Ma9pNgQ,AgAD_hYAAqf0sFY,AgACAgUAAxkDAAIBgWhVmIqfR9meqE_N2DX5amlS7SP1AAIBxDEbp_SwVi8FrLkrNEldAQADAgADeAADNgQ,AQADAcQxG6f0sFZ9,"{'id': '12451236', 'name': 'Vaaranam Aayiram', 'url': 'https://www.jiosaavn.com/album/vaaranam-aayiram/OijNJGhNlGs_'}",,2008-10-02,369,https://aac.saavncdn.com/635/7482341659875f67c658dc9a7d7a2ad4_160.mp4,https://c.saavncdn.com/635/Vaaranam-Aayiram-Tamil-2008-20190629141128-500x500.jpg
sa4mKbze,Nenjukkul Peidhidum,320kbps,CQACAgUAAxkDAAIDFWhWDoB6IIjJETGP9_3I8HCMeO-WAAL_FgACp_SwVlUi6cUQzLpbNgQ,AgAD_xYAAqf0sFY,,,"{'id': '12451236', 'name': 'Vaaranam Aayiram', 'url': 'https://www.jiosaavn.com/album/vaaranam-aayiram/OijNJGhNlGs_'}",,2008-10-02,369,https://aac.saavncdn.com/635/7482341659875f67c658dc9a7d7a2ad4_320.mp4,
CFJTz-yJ,Ther Thiruvizha,160kbps,CQACAgUAAxkDAAIDGGhWDptg1BaToOFOA8tMmBgEJsPEAAMXAAKn9LBW-ztzR3wBRmQ2BA,AgAEFwACp_SwVg,AgACAgUAAxkDAAIBRWhVluJpQFlx3jvBdfb6pjEzZL0xAALtwzEbp_SwVjXNpYg7xk0TAQADAgADeAADNgQ,AQAD7cMxG6f0sFZ9,"{'id': '51420092', 'name': 'Lal Salaam', 'url': 'https://www.jiosaavn.com/album/lal-salaam/YM70ga1PImw_'}",,2024-01-26,466,http://aac.saavncdn.com/626/b39408b3e400a0d245aad4065645ca58_160.mp4,https://c.saavncdn.com/626/Lal-Salaam-Original-Motion-Picture-Soundtrack-Tamil-2024-20240126174611-500x500.jpg
CFJTz-yJ,Ther Thiruvizha,320kbps,CQACAgUAAxkDAAIDGmhWDtJN6kN-Ftu4CM2apGN2vMVXAAICFwACp_SwVsOmZ-aYyzH1NgQ,AgADAhcAAqf0sFY,,,"{'id': '51420092', 'name': 'Lal Salaam', 'url': 'https://www.jiosaavn.com/album/lal-salaam/YM70ga1PImw_'}",,2024-01-26,466,http://aac.saavncdn.com/626/b39408b3e400a0d245aad4065645ca58_320.mp4,
DwA2zged,Eeriye,160kbps,CQACAgUAAxkDAAIDHGhWDt5jtAPFw7FaD7Sr5ZmD5ZdtAAIDFwACp_SwVjdg6SL6Wj0KNgQ,AgADAxcAAqf0sFY,AgACAgUAAxkDAAIBhWhVmKd3I_iaRdXB0bMWwUwHs2k6AAICxDEbp_SwVigE8POH9ZICAQADAgADeAADNgQ,AQADAsQxG6f0sFZ9,"{'id': '48672404', 'name': 'Eeriye (feat. Sudharshan Ashok)', 'url': 'https://www.jiosaavn.com/album/eeriye-feat.-sudharshan-ashok/,mXtRjKWVeE_'}",,2023-10-10,194,https://aac.saavncdn.com/583/9ee6b8a95808e684f3fd19c10f320959_160.mp4,https://c.saavncdn.com/583/Eeriye-feat-Sudarshan-Ashok-Tamil-2023-20231005195312-500x500.jpg
DwA2zged,Eeriye,320kbps,CQACAgUAAxkDAAIDHmhWDvO7m8RMnBS0l2zi1-S1gbqaAAIFFwACp_SwVqMh9B-gKyAYNgQ,AgADBRcAAqf0sFY,,,"{'id': '48672404', 'name': 'Eeriye (feat. Sudharshan Ashok)', 'url': 'https://www.jiosaavn.com/album/eeriye-feat.-sudharshan-ashok/,mXtRjKWVeE_'}",,2023-10-10,194,https://aac.saavncdn.com/583/9ee6b8a95808e684f3fd19c10f320959_320.mp4,
tzCson1z,Muththa Mazhai,160kbps,CQACAgUAAxkDAAIDIGhWDv6iO-8EyNYfzWwfa4jo7UdeAAIGFwACp_SwVk1toFK9rFDnNgQ,AgADBhcAAqf0sFY,AgACAgUAAxkDAAP0aFUbGkOHGLUlLjUl3KUAAWYPokXsAAJxwzEbp_SoVh1XvKc96sHgAQADAgADeAADNgQ,AQADccMxG6f0qFZ9,"{'id': '64876372', 'name': 'Thug Life (Tamil)', 'url': 'https://www.jiosaavn.com/album/thug-life-tamil/9-hvThwL9Es_'}",,2025-05-24,241,http://aac.saavncdn.com/880/6c324212f1ce591b2877ebf4e5037126_160.mp4,https://c.saavncdn.com/880/Thug-Life-Tamil-Tamil-2025-20250604103629-500x500.jpg
tzCson1z,Muththa Mazhai,320kbps,CQACAgUAAxkDAAIDIWhWDwj-Vm04EiD3djd2S-HFeKDJAAIHFwACp_SwVmYhJpmblyqTNgQ,AgADBxcAAqf0sFY,,,"{'id': '64876372', 'name': 'Thug Life (Tamil)', 'url': 'https://www.jiosaavn.com/album/thug-life-tamil/9-hvThwL9Es_'}",,2025-05-24,241,http://aac.saavncdn.com/880/6c324212f1ce591b2877ebf4e5037126_320.mp4,
Tg6XFVk1,Kanimaa,160kbps,CQACAgUAAxkDAAIDI2hWDxJyMqfoFxjaZM7huqBNXdpXAAIIFwACp_SwVkTNSBUpqwoTNgQ,AgADCBcAAqf0sFY,AgACAgUAAxkDAAIBiWhVmLzkAAEm_1u6vG0mkUAXS2xfqwACA8QxG6f0sFYGw-wD8Nc3owEAAwIAA3gAAzYE,AQADA8QxG6f0sFZ9,"{'id': '63092396', 'name': 'Kanimaa (From &quot;Retro&quot;)', 'url': 'https://www.jiosaavn.com/album/kanimaa-from-retro/239aI9x9Bz4_'}",,2025-03-21,243,https://aac.saavncdn.com/349/3ec53230f4bb2f7c614a4f93269c3596_160.mp4,https://c.saavncdn.com/349/Kanimaa-From-Retro-Tamil-2025-20250321121003-500x500.jpg
Tg6XFVk1,Kanimaa,320kbps,CQACAgUAAxkDAAIDJGhWDyDU-H_JbGanGSmrfop4xkL_AAIJFwACp_SwVuR1GKjH774eNgQ,AgADCRcAAqf0sFY,,,"{'id': '63092396', 'name': 'Kanimaa (From &quot;Retro&quot;)', 'url': 'https://www.jiosaavn.com/album/kanimaa-from-retro/239aI9x9Bz4_'}",,2025-03-21,243,https://aac.saavncdn.com/349/3ec53230f4bb2f7c614a4f93269c3596_320.mp4,
ALVKBK_c,Og Sambavam,160kbps,CQACAgUAAxkDAAIDJmhWDyqrmEhDRLpIZA2JfsX_d2K5AAIKFwACp_SwVpjlZNR6lWtqNgQ,AgADChcAAqf0sFY,AgACAgUAAxkDAAIBi2hVmMXJyI3OXX4Lz0zmR0zDSiOAAAIExDEbp_SwVsK5CNah78rlAQADAgADeAADNgQ,AQADBMQxG6f0sFZ9,"{'id': '62998819', 'name': 'Og Sambavam (From &quot;Good Bad Ugly&quot;)', 'url': 'https://www.jiosaavn.com/album/og-sambavam-from-good-bad-ugly/2bELtr8F4Q8_'}",,2025-03-18,198,http://aac.saavncdn.com/960/77d6b9dd341844e951247e3b305e0af8_160.mp4,https://c.saavncdn.com/960/Og-Sambavam-From-Good-Bad-Ugly-Tamil-2025-20250318111002-500x500.jpg
ALVKBK_c,Og Sambavam,320kbps,CQACAgUAAxkDAAIDJ2hWDzZgEKFXZMqt18K5WPIBxhf_AAILFwACp_SwViZPAsPNDgoWNgQ,AgADCxcAAqf0sFY,,,"{'id': '62998819', 'name': 'Og Sambavam (From &quot;Good Bad Ugly&quot;)', 'url': 'https://www.jiosaavn.com/album/og-sambavam-from-good-bad-ugly/2bELtr8F4Q8_'}",,2025-03-18,198,http://aac.saavncdn.com/960/77d6b9dd341844e951247e3b305e0af8_320.mp4,
tH72sU_Z,Kannadi Poove,160kbps,CQACAgUAAxkDAAIDKWhWD0PgST1HU2fpaSidrvRvkh4aAAIMFwACp_SwVuI5BP8kz6rMNgQ,AgADDBcAAqf0sFY,AgACAgUAAxkDAAIBjWhVmM7DP7Gzh-B6K_SWQOLXhSPSAAIFxDEbp_SwVoL3RiTRkOrYAQADAgADeAADNgQ,AQADBcQxG6f0sFZ9,"{'id': '61973833', 'name': 'Kannadi Poove (From &quot;Retro&quot;)', 'url': 'https://www.jiosaavn.com/album/kannadi-poove-from-retro/Irr-bssLPjM_'}",,2025-02-13,261,http://aac.saavncdn.com/666/d1e98347273c89383575a921cad62615_160.mp4,https://c.saavncdn.com/666/Kannadi-Poove-From-Retro-Tamil-2025-20250212141009-500x500.jpg
tH72sU_Z,Kannadi Poove,320kbps,CQACAgUAAxkDAAIDKmhWD1GqKMkXHDOG1oAzue9kPv0LAAINFwACp_SwVmx1kz-TpWdgNgQ,AgADDRcAAqf0sFY,,,"{'id': '61973833', 'name': 'Kannadi Poove (From &quot;Retro&quot;)', 'url': 'https://www.jiosaavn.com/album/kannadi-poove-from-retro/Irr-bssLPjM_'}",,2025-02-13,261,http://aac.saavncdn.com/666/d1e98347273c89383575a921cad62615_320.mp4,
KDKgBdqz,O Maara,160kbps,CQACAgUAAxkDAAIDLGhWD1dCW895Y2o_Fc0-S7awEwHiAAIOFwACp_SwVmA9dMlDjwETNgQ,AgADDhcAAqf0sFY,AgACAgUAAxkDAAP0aFUbGkOHGLUlLjUl3KUAAWYPokXsAAJxwzEbp_SoVh1XvKc96sHgAQADAgADeAADNgQ,AQADccMxG6f0qFZ9,"{'id': '64876372', 'name': 'Thug Life (Tamil)', 'url': 'https://www.jiosaavn.com/album/thug-life-tamil/9-hvThwL9Es_'}",,2025-05-24,180,http://aac.saavncdn.com/880/fd7598f1ac822b07c2f489f2b0704446_160.mp4,https://c.saavncdn.com/880/Thug-Life-Tamil-Tamil-2025-20250604103629-500x500.jpg
KDKgBdqz,O Maara,320kbps,CQACAgUAAxkDAAIDLWhWD2HYF_u-OXh7MBiX9mq7iAiLAAIPFwACp_SwVsUcUi0bBFK6NgQ,AgADDxcAAqf0sFY,,,"{'id': '64876372', 'name': 'Thug Life (Tamil)', 'url': 'https://www.jiosaavn.com/album/thug-life-tamil/9-hvThwL9Es_'}",,2025-05-24,180,http://aac.saavncdn.com/880/fd7598f1ac822b07c2f489f2b0704446_320.mp4,
hYKfzsaN,Anju Vanna Poove,160kbps,CQACAgUAAxkDAAIDL2hWD2yNK9y5E01HfpTHTXYffTG3AAIQFwACp_SwVrWiK_hCTmrcNgQ,AgADEBcAAqf0sFY,AgACAgUAAxkDAAP0aFUbGkOHGLUlLjUl3KUAAWYPokXsAAJxwzEbp_SoVh1XvKc96sHgAQADAgADeAADNgQ,AQADccMxG6f0qFZ9,"{'id': '64876372', 'name': 'Thug Life (Tamil)', 'url': 'https://www.jiosaavn.com/album/thug-life-tamil/9-hvThwL9Es_'}",,2025-05-24,277,http://aac.saavncdn.com/880/fffa89bcf4506f3e86c15f372d31680f_160.mp4,https://c.saavncdn.com/880/Thug-Life-Tamil-Tamil-2025-20250604103629-500x500.jpg
hYKfzsaN,Anju Vanna Poove,320kbps,CQACAgUAAxkDAAIDMGhWD3m817gYzcWl8ubBpy78Z2HGAAIRFwACp_SwVu3O7PoM2_WzNgQ,AgADERcAAqf0sFY,,,"{'id': '64876372', 'name': 'Thug Life (Tamil)', 'url': 'https://www.jiosaavn.com/album/thug-life-tamil/9-hvThwL9Es_'}",,2025-05-24,277,http://aac.saavncdn.com/880/fffa89bcf4506f3e86c15f372d31680f_320.mp4,
g0bsYljB,Ranagalam,160kbps,CQACAgUAAxkDAAIDMmhWD4LRJa7I2lO_Tdwov9H7-026AAISFwACp_SwVt5MW75vLKf1NgQ,AgADEhcAAqf0sFY,AgACAgUAAxkDAAIBk2hVmPbUv8qINZFjyofeX8q1NV6HAAIGxDEbp_SwVp5yHdQiCyO1AQADAgADeAADNgQ,AQADBsQxG6f0sFZ9,"{'id': '63653085', 'name': 'Good Bad Ugly - Tamil', 'url': 'https://www.jiosaavn.com/album/good-bad-ugly-tamil/nxOmVvwbItU_'}",,2025-04-10,194,http://aac.saavncdn.com/953/e454ab73d50959bfd998e971e72c3a50_160.mp4,https://c.saavncdn.com/953/Good-Bad-Ugly-Tamil-Tamil-2025-20250410141005-500x500.jpg
g0bsYljB,Ranagalam,320kbps,CQACAgUAAxkDAAIDNGhWD5jW482ThUxvyMnMpoBCJLphAAIUFwACp_SwVjGVDIjHkQ1VNgQ,AgADFBcAAqf0sFY,,,"{'id': '63653085', 'name': 'Good Bad Ugly - Tamil', 'url': 'https://www.jiosaavn.com/album/good-bad-ugly-tamil/nxOmVvwbItU_'}",,2025-04-10,194,http://aac.saavncdn.com/953/e454ab73d50959bfd998e971e72c3a50_320.mp4,
qd8xWKJ4,Hukum Reloaded - Tamil,160kbps,CQACAgUAAxkDAAIDNmhWD58esVcUFBFpiww8E7Ol5OByAAIVFwACp_SwVplfMTeUubCtNgQ,AgADFRcAAqf0sFY,AgACAgUAAxkDAAIBlWhVmQABsL-iJ1Ssto0yCyzJiUFi1AACB8QxG6f0sFZDMyL8AAHIBk4BAAMCAAN4AAM2BA,AQADB8QxG6f0sFZ9,"{'id': '61222265', 'name': 'Hukum Reloaded - Tamil (From &quot;Jailer 2&quot;)', 'url': 'https://www.jiosaavn.com/album/hukum-reloaded-tamil-from-jailer-2/HFN9QrK4GNE_'}",,2025-01-14,91,http://aac.saavncdn.com/353/4d8d285311602f0a36ade49be29b2370_160.mp4,https://c.saavncdn.com/353/Hukum-Reloaded-Tamil-From-Jailer-2-Tamil-2025-20250122084745-500x500.jpg
qd8xWKJ4,Hukum Reloaded - Tamil,320kbps,CQACAgUAAxkDAAIDN2hWD6XLe2mCQVZHsSIbsHoiZtLRAAIWFwACp_SwViywQbQQcD2QNgQ,AgADFhcAAqf0sFY,,,"{'id': '61222265', 'name': 'Hukum Reloaded - Tamil (From &quot;Jailer 2&quot;)', 'url': 'https://www.jiosaavn.com/album/hukum-reloaded-tamil-from-jailer-2/HFN9QrK4GNE_'}",,2025-01-14,91,http://aac.saavncdn.com/353/4d8d285311602f0a36ade49be29b2370_320.mp4,
wCBV26Oa,Sugar Baby,160kbps,CQACAgUAAxkDAAIDOWhWD63eiYvIWS1LeapMc-E7H3mcAAIXFwACp_SwVlZIu6eCs_rsNgQ,AgADFxcAAqf0sFY,AgACAgUAAxkDAAP0aFUbGkOHGLUlLjUl3KUAAWYPokXsAAJxwzEbp_SoVh1XvKc96sHgAQADAgADeAADNgQ,AQADccMxG6f0qFZ9,"{'id': '64876372', 'name': 'Thug Life (Tamil)', 'url': 'https://www.jiosaavn.com/album/thug-life-tamil/9-hvThwL9Es_'}",,2025-05-24,199,http://aac.saavncdn.com/880/0e052e2af8b19df7a0c19802635bb40d_160.mp4,https://c.saavncdn.com/880/Thug-Life-Tamil-Tamil-2025-20250604103629-500x500.jpg
wCBV26Oa,Sugar Baby,320kbps,CQACAgUAAxkDAAIDO2hWD8WmTBBNPsbInWAEV4od68cJAAIaFwACp_SwVhDaK6TndbKWNgQ,AgADGhcAAqf0sFY,,,"{'id': '64876372', 'name': 'Thug Life (Tamil)', 'url': 'https://www.jiosaavn.com/album/thug-life-tamil/9-hvThwL9Es_'}",,2025-05-24,199,http://aac.saavncdn.com/880/0e052e2af8b19df7a0c19802635bb40d_320.mp4,
tmGQ_OgW,Yedi,160kbps,CQACAgUAAxkDAAIDPWhWD9Ft0pA50lGBzaFFoK3VMtBPAAIbFwACp_SwVohy4dvwrRGHNgQ,AgADGxcAAqf0sFY,AgACAgUAAxkDAAIBmWhVmRIYkzHzuBZaCrtxyqUnS1bfAAIIxDEbp_SwVg1jpRAmyFNTAQADAgADeAADNgQ,AQADCMQxG6f0sFZ9,"{'id': '63325801', 'name': 'Nilavuku En Mel Ennadi Kobam', 'url': 'https://www.jiosaavn.com/album/nilavuku-en-mel-ennadi-kobam/csaLnKJZDcI_'}",,2025-04-01,201,https://aac.saavncdn.com/289/03d728e81293a6a4f3eafcecd09424e3_160.mp4,https://c.saavncdn.com/289/Nilavuku-En-Mel-Ennadi-Kobam-Tamil-2025-20250329114015-500x500.jpg
tmGQ_OgW,Yedi,320kbps,CQACAgUAAxkDAAIDPmhWD9yS7eIDlR5PGlbHOm5EXnqjAAIcFwACp_SwVn-aN8EktOZpNgQ,AgADHBcAAqf0sFY,,,"{'id': '63325801', 'name': 'Nilavuku En Mel Ennadi Kobam', 'url': 'https://www.jiosaavn.com/album/nilavuku-en-mel-ennadi-kobam/csaLnKJZDcI_'}",,2025-04-01,201,https://aac.saavncdn.com/289/03d728e81293a6a4f3eafcecd09424e3_320.mp4,
uhXVlwVm,Poyivaa Nanba,160kbps,CQACAgUAAxkDAAIDQGhWD-bQtPDcrOJus4ymGF-Omy4FAAIeFwACp_SwVvNceSlQrk_uNgQ,AgADHhcAAqf0sFY,AgACAgUAAxkDAAIBm2hVmRx1UNEv5UqJLtO791K_IFswAAIJxDEbp_SwVsbN_z-RiuM9AQADAgADeAADNgQ,AQADCcQxG6f0sFZ9,"{'id': '63918411', 'name': 'Kuberaa - Tamil', 'url': 'https://www.jiosaavn.com/album/kuberaa-tamil/tqGiY15MY2U_'}",,2025-04-20,243,http://aac.saavncdn.com/079/96b709ec039f0ca75ae29f09adfb7b90_160.mp4,https://c.saavncdn.com/079/Kuberaa-Tamil-Tamil-2025-20250618185859-500x500.jpg
uhXVlwVm,Poyivaa Nanba,320kbps,CQACAgUAAxkDAAIDQWhWD_B8OGm_j5CZSkmDtS2XriCfAAIfFwACp_SwViqvqgTlwwbZNgQ,AgADHxcAAqf0sFY,,,"{'id': '63918411', 'name': 'Kuberaa - Tamil', 'url': 'https://www.jiosaavn.com/album/kuberaa-tamil/tqGiY15MY2U_'}",,2025-04-20,243,http://aac.saavncdn.com/079/96b709ec039f0ca75ae29f09adfb7b90_320.mp4,
xH01IxLv,Edharkaga Marubadi,160kbps,CQACAgUAAxkDAAIDQ2hWD_rQzcHig0oOEhBOFcCORtNVAAIhFwACp_SwVgdWpn6GfQedNgQ,AgADIRcAAqf0sFY,AgACAgUAAxkDAAIBnWhVmSf6lq3F_v47dxQG-o07Uqn8AAIKxDEbp_SwVrhlcS6CXfv2AQADAgADeAADNgQ,AQADCsQxG6f0sFZ9,"{'id': '64846015', 'name': 'Retro - Side B', 'url': 'https://www.jiosaavn.com/album/retro-side-b/aDDOXKJoV7M_'}",,2025-05-23,257,http://aac.saavncdn.com/483/412d110e3efb7ffece6e749fc8ad3017_160.mp4,https://c.saavncdn.com/483/Retro-Side-B-Tamil-2025-20250526131026-500x500.jpg
xH01IxLv,Edharkaga Marubadi,320kbps,CQACAgUAAxkDAAIDRGhWEArwFEfdNnHGTXIWWy8_x4wAAyIXAAKn9LBWlW7_eifHCXw2BA,AgADIhcAAqf0sFY,,,"{'id': '64846015', 'name': 'Retro - Side B', 'url': 'https://www.jiosaavn.com/album/retro-side-b/aDDOXKJoV7M_'}",,2025-05-23,257,http://aac.saavncdn.com/483/412d110e3efb7ffece6e749fc8ad3017_320.mp4,
d3rfMKEc,Matta,160kbps,CQACAgUAAxkDAAIDR2hWHD08oNvvaFZ-L8dqC4PWe9y2AAIwFwACp_SwVpP0myYAAXESZzYE,AgADMBcAAqf0sFY,AgACAgUAAxkDAAIBX2hVl5M2oMVF3Nt94Jt7U3bQsCYXAALzwzEbp_SwVppbpQAB55hqmgEAAwIAA3gAAzYE,AQAD88MxG6f0sFZ9,"{'id': '57687828', 'name': 'The Greatest Of All Time - (Tamil)', 'url': 'https://www.jiosaavn.com/album/the-greatest-of-all-time-tamil/aO-StDZrm5M_'}",,2024-09-03,212,http://aac.saavncdn.com/829/8e65980abebbac11a936160f2b5b9a3e_160.mp4,https://c.saavncdn.com/829/The-Greatest-Of-All-Time-Tamil-Tamil-2024-20240903191033-500x500.jpg
PAkU3KaS,Ak - The Tiger,160kbps,CQACAgUAAxkDAAIDTWhWHJY3jLa2VV-ErHBFAnLl5GbXAAI1FwACp_SwVgdYfhtNZuBuNgQ,AgADNRcAAqf0sFY,AgACAgUAAxkDAAIBoWhVmT1i-I55EPCc4rbd11XjI__JAAILxDEbp_SwVuHdR564LyTRAQADAgADeAADNgQ,AQADC8QxG6f0sFZ9,"{'id': '63630725', 'name': 'Ak - The Tiger (From &quot;Good Bad Ugly&quot;)', 'url': 'https://www.jiosaavn.com/album/ak-the-tiger-from-good-bad-ugly/n,n96s6PWBk_'}",,2025-04-09,203,https://aac.saavncdn.com/648/de093178f1dd79d1ad6dfdb13618b9b6_160.mp4,https://c.saavncdn.com/648/Ak-The-Tiger-From-Good-Bad-Ugly-Tamil-2025-20250409231003-500x500.jpg
PAkU3KaS,Ak - The Tiger,320kbps,CQACAgUAAxkDAAIDT2hWHLv0QPSRkNEH-gwZddMe3eXdAAI3FwACp_SwVpTbFRiumapaNgQ,AgADNxcAAqf0sFY,,,"{'id': '63630725', 'name': 'Ak - The Tiger (From &quot;Good Bad Ugly&quot;)', 'url': 'https://www.jiosaavn.com/album/ak-the-tiger-from-good-bad-ugly/n,n96s6PWBk_'}",,2025-04-09,203,https://aac.saavncdn.com/648/de093178f1dd79d1ad6dfdb13618b9b6_320.mp4,
8DAPDTmI,Yendi Vittu Pona,160kbps,CQACAgUAAxkDAAIDUWhWHMaB_RcLbCFWtPIpKlKbxY1MAAI4FwACp_SwVh7o7MLY2IAPNgQ,AgADOBcAAqf0sFY,AgACAgUAAxkDAAIBo2hVmUldiBot7q5GSHXDi2PnkM8nAAIMxDEbp_SwVjxOEPhz4fiFAQADAgADeAADNgQ,AQADDMQxG6f0sFZ9,"{'id': '60900973', 'name': 'Dragon', 'url': 'https://www.jiosaavn.com/album/dragon/cQmQhIXCJjI_'}",,2025-01-02,258,http://aac.saavncdn.com/236/d8dfc7716d8f5db7a380b6faef69a674_160.mp4,https://c.saavncdn.com/236/Dragon-Tamil-2025-20250221231203-500x500.jpg
8DAPDTmI,Yendi Vittu Pona,320kbps,CQACAgUAAxkDAAIDU2hWHNHt30zPA7YqGVKRUSRTFul3AAI6FwACp_SwVuivno37mHOFNgQ,AgADOhcAAqf0sFY,,,"{'id': '60900973', 'name': 'Dragon', 'url': 'https://www.jiosaavn.com/album/dragon/cQmQhIXCJjI_'}",,2025-01-02,258,http://aac.saavncdn.com/236/d8dfc7716d8f5db7a380b6faef69a674_320.mp4,
KZmo_fUt,Ace Anthem,160kbps,CQACAgUAAxkDAAIDVWhWHNh7edD8Jip33-Ng1M0rlTluAAI7FwACp_SwVnez4zsTV2F0NgQ,AgADOxcAAqf0sFY,AgACAgUAAxkDAAIBpWhVmVYpRs1lk2zokboPv2FKswnVAAINxDEbp_SwVqOOyOLIIbz_AQADAgADeAADNgQ,AQADDcQxG6f0sFZ9,"{'id': '54395760', 'name': 'Ace (Original Motion Picture Soundtrack)', 'url': 'https://www.jiosaavn.com/album/ace-original-motion-picture-soundtrack/B11jkjNAuTw_'}",,2024-05-17,149,https://aac.saavncdn.com/944/7d30841448edf70401267553a27b025c_160.mp4,https://c.saavncdn.com/944/Ace-Original-Motion-Picture-Soundtrack-Tamil-2024-20250524055102-500x500.jpg
KZmo_fUt,Ace Anthem,320kbps,CQACAgUAAxkDAAIDVmhWHOTFk4NiSC_atmfZJwT3z1s6AAI8FwACp_SwVrPXiUuXgz-ENgQ,AgADPBcAAqf0sFY,,,"{'id': '54395760', 'name': 'Ace (Original Motion Picture Soundtrack)', 'url': 'https://www.jiosaavn.com/album/ace-original-motion-picture-soundtrack/B11jkjNAuTw_'}",,2024-05-17,149,https://aac.saavncdn.com/944/7d30841448edf70401267553a27b025c_320.mp4,
GHHgFviV,Idhayam Ulle Vaa,160kbps,CQACAgUAAxkDAAIDWGhWHO39JLZo4NucHIkI6uhpq6GeAAI9FwACp_SwVpLt628AAYkJlTYE,AgADPRcAAqf0sFY,AgACAgUAAxkDAAIBp2hVmV2GRbZsDE20vkf-ONebhLqQAAIOxDEbp_SwVi-IAnuVVIYWAQADAgADeAADNgQ,AQADDsQxG6f0sFZ9,"{'id': '64818680', 'name': 'Kingdom - Tamil', 'url': 'https://www.jiosaavn.com/album/kingdom-tamil/T7gOl69alB4_'}",,2025-05-22,220,https://aac.saavncdn.com/117/38a964ca8509cedb361c39025ed414f1_160.mp4,https://c.saavncdn.com/117/Kingdom-Tamil-Tamil-2025-20250526175209-500x500.jpg
GHHgFviV,Idhayam Ulle Vaa,320kbps,CQACAgUAAxkDAAIDW2hWHQ_K-clbsFmBrBVIyaT5TKllAAJAFwACp_SwVoojhZ_aKA3iNgQ,AgADQBcAAqf0sFY,,,"{'id': '64818680', 'name': 'Kingdom - Tamil', 'url': 'https://www.jiosaavn.com/album/kingdom-tamil/T7gOl69alB4_'}",,2025-05-22,220,https://aac.saavncdn.com/117/38a964ca8509cedb361c39025ed414f1_320.mp4,
olhLNwju,Maatikkinaaru Orutharu,160kbps,CQACAgUAAxkDAAIDXWhWHRj_O8sis9VZuYO4qFIPJv-vAAJBFwACp_SwVnI_QSbxPi8MNgQ,AgADQRcAAqf0sFY,AgACAgUAAxkDAAIBo2hVmUldiBot7q5GSHXDi2PnkM8nAAIMxDEbp_SwVjxOEPhz4fiFAQADAgADeAADNgQ,AQADDMQxG6f0sFZ9,"{'id': '60900973', 'name': 'Dragon', 'url': 'https://www.jiosaavn.com/album/dragon/cQmQhIXCJjI_'}",,2025-01-02,200,https://aac.saavncdn.com/236/b43bde71cfe929a9f3dd9ba314876357_160.mp4,https://c.saavncdn.com/236/Dragon-Tamil-2025-20250221231203-500x500.jpg
olhLNwju,Maatikkinaaru Orutharu,320kbps,CQACAgUAAxkDAAIDX2hWHTCPquxtCs6m3bRf1eC9mhxXAAJDFwACp_SwVov5grfKjISSNgQ,AgADQxcAAqf0sFY,,,"{'id': '60900973', 'name': 'Dragon', 'url': 'https://www.jiosaavn.com/album/dragon/cQmQhIXCJjI_'}",,2025-01-02,200,https://aac.saavncdn.com/236/b43bde71cfe929a9f3dd9ba314876357_320.mp4,
6qImZxC3,Spark,160kbps,CQACAgUAAxkDAAIDYWhWHTs0r_Do7Js-FlfTF51HAqZOAAJEFwACp_SwVkPRRuG2g2xMNgQ,AgADRBcAAqf0sFY,AgACAgUAAxkDAAIBX2hVl5M2oMVF3Nt94Jt7U3bQsCYXAALzwzEbp_SwVppbpQAB55hqmgEAAwIAA3gAAzYE,AQAD88MxG6f0sFZ9,"{'id': '57687828', 'name': 'The Greatest Of All Time - (Tamil)', 'url': 'https://www.jiosaavn.com/album/the-greatest-of-all-time-tamil/aO-StDZrm5M_'}",,2024-09-03,250,https://aac.saavncdn.com/829/ce2020df723e5cdbf420e3bc7bea6cd9_160.mp4,https://c.saavncdn.com/829/The-Greatest-Of-All-Time-Tamil-Tamil-2024-20240903191033-500x500.jpg
8Q1DO8t1,Haiyodi,160kbps,CQACAgUAAxkDAAIDZWhWHXIJlPo_qOug55J3z8kqNMJZAAJHFwACp_SwVmyJqFJe77XxNgQ,AgADRxcAAqf0sFY,AgACAgUAAxkDAAIBrWhVmYbqK_DA7cD-u0YkDaN4581JAAIPxDEbp_SwVu4inA7hs4HWAQADAgADeAADNgQ,AQADD8QxG6f0sFZ9,"{'id': '62391790', 'name': 'Haiyodi (From &quot;Mr.X&quot;)', 'url': 'https://www.jiosaavn.com/album/haiyodi-from-mr.x/N7KGgaYfCr4_'}",,2025-02-27,266,http://aac.saavncdn.com/745/9d6f50956c9068dbed0da2759ad46851_160.mp4,https://c.saavncdn.com/745/Haiyodi-From-Mr-X-Tamil-2025-20250227151043-500x500.jpg
8Q1DO8t1,Haiyodi,320kbps,CQACAgUAAxkDAAIDZ2hWHX1QSwFFUtbdYMFe-V77YI4_AAJJFwACp_SwVmTCM0puvLY7NgQ,AgADSRcAAqf0sFY,,,"{'id': '62391790', 'name': 'Haiyodi (From &quot;Mr.X&quot;)', 'url': 'https://www.jiosaavn.com/album/haiyodi-from-mr.x/N7KGgaYfCr4_'}",,2025-02-27,266,http://aac.saavncdn.com/745/9d6f50956c9068dbed0da2759ad46851_320.mp4,
M4pBNXKd,The OG Thug,160kbps,CQACAgUAAxkDAAIDaWhWHYPHs4KMGzI-0g8bcyK3uM4oAAJKFwACp_SwVjmtgMx9t3vENgQ,AgADShcAAqf0sFY,AgACAgUAAxkDAAIBr2hVmZdVXvWqP2-Qd_hM7oBdSwJLAAIQxDEbp_SwVvVNtddaSdNdAQADAgADeAADNgQ,AQADEMQxG6f0sFZ9,"{'id': '63980718', 'name': 'The OG Thug (From &quot;Thug Life&quot;) (Tamil)', 'url': 'https://www.jiosaavn.com/album/the-og-thug-from-thug-life-tamil/9SU,x5vW5UE_'}",,2025-04-22,42,http://aac.saavncdn.com/481/b0131a8a6f5b51164115a7c2334e5768_160.mp4,https://c.saavncdn.com/481/The-OG-Thug-From-Thug-Life-Tamil-Tamil-2025-20250422103445-500x500.jpg
M4pBNXKd,The OG Thug,320kbps,CQACAgUAAxkDAAIDamhWHYgtTx6oyj8CCC-K-3Ybw1PwAAJLFwACp_SwVme7qXGEPoBINgQ,AgADSxcAAqf0sFY,,,"{'id': '63980718', 'name': 'The OG Thug (From &quot;Thug Life&quot;) (Tamil)', 'url': 'https://www.jiosaavn.com/album/the-og-thug-from-thug-life-tamil/9SU,x5vW5UE_'}",,2025-04-22,42,http://aac.saavncdn.com/481/b0131a8a6f5b51164115a7c2334e5768_320.mp4,
E997RaoV,Taara Taara,160kbps,CQACAgUAAxkDAAIDbGhWHZEyJwLgd9X9SAbKfgqOgRotAAJMFwACp_SwVs-ycZMCsdk_NgQ,AgADTBcAAqf0sFY,AgACAgUAAxkDAAIBsWhVmZysItB17_rfW_4MRDiVViBFAAIRxDEbp_SwViw7Q6F37h-cAQADAgADeAADNgQ,AQADEcQxG6f0sFZ9,"{'id': '64949012', 'name': 'Taara Taara (From &quot;Hari Hara Veera Mallu&quot;) [Telugu]', 'url': 'https://www.jiosaavn.com/album/taara-taara-from-hari-hara-veera-mallu-telugu/QcHSHx4SO4A_'}",,2025-05-28,237,http://aac.saavncdn.com/240/4f5b7ccbb93f8bfb4e907dca41c7af53_160.mp4,https://c.saavncdn.com/240/Taara-Taara-From-Hari-Hara-Veera-Mallu-Telugu-Telugu-2025-20250528013357-500x500.jpg
E997RaoV,Taara Taara,320kbps,CQACAgUAAxkDAAIDbWhWHZ3iPt734lEg4X2zNHtrRFhVAAJNFwACp_SwVoKgsmIE7NAsNgQ,AgADTRcAAqf0sFY,,,"{'id': '64949012', 'name': 'Taara Taara (From &quot;Hari Hara Veera Mallu&quot;) [Telugu]', 'url': 'https://www.jiosaavn.com/album/taara-taara-from-hari-hara-veera-mallu-telugu/QcHSHx4SO4A_'}",,2025-05-28,237,http://aac.saavncdn.com/240/4f5b7ccbb93f8bfb4e907dca41c7af53_320.mp4,
rA8WiBZE,Thurigaiye Thurigaiye,160kbps,CQACAgUAAxkDAAIDb2hWHaiomDzFS5yMc65R2UZXQSrGAAJOFwACp_SwVkqd4v1BTVP0NgQ,AgADThcAAqf0sFY,AgACAgUAAxkDAAIBs2hVmatwq694nYP2cbAPp4fbKb88AAISxDEbp_SwVpruBP5tKEM1AQADAgADeAADNgQ,AQADEsQxG6f0sFZ9,"{'id': '63507591', 'name': 'Aghathiyaa - Tamil', 'url': 'https://www.jiosaavn.com/album/aghathiyaa-tamil/ULIwa5BXG4U_'}",,2025-04-05,224,http://aac.saavncdn.com/747/534032066040f342fac01a0592b66418_160.mp4,https://c.saavncdn.com/747/Aghathiyaa-Tamil-Tamil-2025-20250405113451-500x500.jpg
rA8WiBZE,Thurigaiye Thurigaiye,320kbps,CQACAgUAAxkDAAIDcGhWHbcMx6qbO-eGpPLNxtPPEAmrAAJPFwACp_SwVoz6bzCK9Pc2NgQ,AgADTxcAAqf0sFY,,,"{'id': '63507591', 'name': 'Aghathiyaa - Tamil', 'url': 'https://www.jiosaavn.com/album/aghathiyaa-tamil/ULIwa5BXG4U_'}",,2025-04-05,224,http://aac.saavncdn.com/747/534032066040f342fac01a0592b66418_320.mp4,
FrNy4Ob7,Pulla,160kbps,CQACAgUAAxkDAAIDcmhWHcINZnOe4ea64z7OKSMv7hilAAJQFwACp_SwVr929B6s0nG3NgQ,AgADUBcAAqf0sFY,AgACAgUAAxkDAAIBmWhVmRIYkzHzuBZaCrtxyqUnS1bfAAIIxDEbp_SwVg1jpRAmyFNTAQADAgADeAADNgQ,AQADCMQxG6f0sFZ9,"{'id': '63325801', 'name': 'Nilavuku En Mel Ennadi Kobam', 'url': 'https://www.jiosaavn.com/album/nilavuku-en-mel-ennadi-kobam/csaLnKJZDcI_'}",,2025-04-01,186,http://aac.saavncdn.com/289/5db08bcc061f2acc39747b0cbcbba338_160.mp4,https://c.saavncdn.com/289/Nilavuku-En-Mel-Ennadi-Kobam-Tamil-2025-20250329114015-500x500.jpg
FrNy4Ob7,Pulla,320kbps,CQACAgUAAxkDAAIDc2hWHdAJP-RmCVrpcpVCcyT2j29lAAJRFwACp_SwVid_YGiMsx7QNgQ,AgADURcAAqf0sFY,,,"{'id': '63325801', 'name': 'Nilavuku En Mel Ennadi Kobam', 'url': 'https://www.jiosaavn.com/album/nilavuku-en-mel-ennadi-kobam/csaLnKJZDcI_'}",,2025-04-01,186,http://aac.saavncdn.com/289/5db08bcc061f2acc39747b0cbcbba338_320.mp4,
lYf3uzEZ,Pathikichu,160kbps,CQACAgUAAxkDAAIDdWhWHdvMDBZ6PP4c92Hhsj21HHg_AAJSFwACp_SwVmb9OiCZlJr5NgQ,AgADUhcAAqf0sFY,AgACAgUAAxkDAAIBt2hVmcDL_mf0yi42xWQ3-lVC5T92AAITxDEbp_SwVpo5zLiVBfyoAQADAgADeAADNgQ,AQADE8QxG6f0sFZ9,"{'id': '62094435', 'name': 'Vidaamuyarchi', 'url': 'https://www.jiosaavn.com/album/vidaamuyarchi/JXq2sUX4gA0_'}",,2025-02-17,208,https://aac.saavncdn.com/113/c7845ec83ddfebb5308b1508f3101d46_160.mp4,https://c.saavncdn.com/113/Vidaamuyarchi-Tamil-2025-20250217133052-500x500.jpg
lYf3uzEZ,Pathikichu,320kbps,CQACAgUAAxkDAAIDeGhWHgYo_1iEE1iWZ__y-GSc5zI_AAJVFwACp_SwVkDr2osF8SlFNgQ,AgADVRcAAqf0sFY,,,"{'id': '62094435', 'name': 'Vidaamuyarchi', 'url': 'https://www.jiosaavn.com/album/vidaamuyarchi/JXq2sUX4gA0_'}",,2025-02-17,208,https://aac.saavncdn.com/113/c7845ec83ddfebb5308b1508f3101d46_320.mp4,
KA6UFUrq,I'm from Ulundurpettai,160kbps,CQACAgUAAxkDAAIDemhWHhHm-QMT085SYIt2S_iEqOYwAAJWFwACp_SwVjDeuxApiLa0NgQ,AgADVhcAAqf0sFY,AgACAgUAAxkDAAIBuWhVmc8zkWBuyvLp3mx4DjtUBrWLAAIUxDEbp_SwVkD5b4BkjWQJAQADAgADeAADNgQ,AQADFMQxG6f0sFZ9,"{'id': '63092579', 'name': ""I'm from Ulundurpettai (From &quot;Yolo&quot;)"", 'url': 'https://www.jiosaavn.com/album/im-from-ulundurpettai-from-yolo/dIGUomFm,pQ_'}",,2025-03-22,217,https://aac.saavncdn.com/360/13bda6715c4038280eaa0481122a9e62_160.mp4,https://c.saavncdn.com/360/I-m-from-Ulundurpettai-From-Yolo-Tamil-2025-20250321125230-500x500.jpg
KA6UFUrq,I'm from Ulundurpettai,320kbps,CQACAgUAAxkDAAIDe2hWHht6KSG_oZXynyxu7cSCA5IuAAJXFwACp_SwVheGXHipAeNDNgQ,AgADVxcAAqf0sFY,,,"{'id': '63092579', 'name': ""I'm from Ulundurpettai (From &quot;Yolo&quot;)"", 'url': 'https://www.jiosaavn.com/album/im-from-ulundurpettai-from-yolo/dIGUomFm,pQ_'}",,2025-03-22,217,https://aac.saavncdn.com/360/13bda6715c4038280eaa0481122a9e62_320.mp4,
jATj2gp9,Kaatrin Viral,160kbps,CQACAgUAAxkDAAIDfWhWHiibZgbkbx0y30yVIIn5gI_VAAJYFwACp_SwVh3C9GDsC295NgQ,AgADWBcAAqf0sFY,AgACAgUAAxkDAAIBu2hVmdxRW3fhgYK1d3hzgUSHxlGZAAIVxDEbp_SwVlfSYl9cHScOAQADAgADeAADNgQ,AQADFcQxG6f0sFZ9,"{'id': '60966442', 'name': 'Kaatrin Viral (From &quot;Aghathiyaa&quot;)', 'url': 'https://www.jiosaavn.com/album/kaatrin-viral-from-aghathiyaa/qMoJtW31MK0_'}",,2025-01-05,209,http://aac.saavncdn.com/591/954fb1f6cc25983d422d82ad5ad44412_160.mp4,https://c.saavncdn.com/591/Kaatrin-Viral-From-Aghathiyaa-Tamil-2025-20250405133152-500x500.jpg
jATj2gp9,Kaatrin Viral,320kbps,CQACAgUAAxkDAAIDfmhWHjRp7FtkqS5JUG-9zDegePq_AAJaFwACp_SwVipqez5XJjRYNgQ,AgADWhcAAqf0sFY,,,"{'id': '60966442', 'name': 'Kaatrin Viral (From &quot;Aghathiyaa&quot;)', 'url': 'https://www.jiosaavn.com/album/kaatrin-viral-from-aghathiyaa/qMoJtW31MK0_'}",,2025-01-05,209,http://aac.saavncdn.com/591/954fb1f6cc25983d422d82ad5ad44412_320.mp4,
FrhgBqXt,En Kadhaa,160kbps,CQACAgUAAxkDAAIDgGhWHjyEQ8v8MpScRH1IKR1i1ka9AAJbFwACp_SwVgYCEsTqkPJyNgQ,AgADWxcAAqf0sFY,AgACAgUAAxkDAAIBvWhVmektZVRda9eWGwQf1IkauM05AAIWxDEbp_SwVnYoE5vaxoKOAQADAgADeAADNgQ,AQADFsQxG6f0sFZ9,"{'id': '64759930', 'name': 'En Kadhaa (Tamil)', 'url': 'https://www.jiosaavn.com/album/en-kadhaa-tamil/pZaKCb-lCSc_'}",,2025-06-06,194,http://aac.saavncdn.com/017/1dc2202dd3314b931fe540ab543a66b2_160.mp4,https://c.saavncdn.com/017/En-Kadhaa-Tamil-Tamil-2025-20250617163456-500x500.jpg
FrhgBqXt,En Kadhaa,320kbps,CQACAgUAAxkDAAIDgWhWHkyg6EZic7a318K6_aUcf_woAAJcFwACp_SwVtY0yPfBjicKNgQ,AgADXBcAAqf0sFY,,,"{'id': '64759930', 'name': 'En Kadhaa (Tamil)', 'url': 'https://www.jiosaavn.com/album/en-kadhaa-tamil/pZaKCb-lCSc_'}",,2025-06-06,194,http://aac.saavncdn.com/017/1dc2202dd3314b931fe540ab543a66b2_320.mp4,
E8ksGv9l,Chikitu Vibe,160kbps,CQACAgUAAxkDAAIDg2hWHlQ2wU1TzHaRAXm1puppz5ffAAJdFwACp_SwVlkQnsTVGXMXNgQ,AgADXRcAAqf0sFY,AgACAgUAAxkDAAIBv2hVmfLiRzdc9GJ4PMh9A5MieYxbAAIXxDEbp_SwVoYy8fzMgB6RAQADAgADeAADNgQ,AQADF8QxG6f0sFZ9,"{'id': '60445359', 'name': 'Chikitu Vibe (From &quot;Coolie&quot;)', 'url': 'https://www.jiosaavn.com/album/chikitu-vibe-from-coolie/Kz0MZV9vpfs_'}",,2024-12-12,56,http://aac.saavncdn.com/006/f199277259ca687f81b09de8d3bfb172_160.mp4,https://c.saavncdn.com/006/Chikitu-Vibe-From-Coolie-Tamil-2024-20241212221629-500x500.jpg
E8ksGv9l,Chikitu Vibe,320kbps,CQACAgUAAxkDAAIDhGhWHmB4fvgEkYD5Eyy4A4BOE0jvAAJeFwACp_SwVkjFSGEqabZrNgQ,AgADXhcAAqf0sFY,,,"{'id': '60445359', 'name': 'Chikitu Vibe (From &quot;Coolie&quot;)', 'url': 'https://www.jiosaavn.com/album/chikitu-vibe-from-coolie/Kz0MZV9vpfs_'}",,2024-12-12,56,http://aac.saavncdn.com/006/f199277259ca687f81b09de8d3bfb172_320.mp4,
NAYvkjYE,Sithira Puthiri,160kbps,CQACAgUAAxkDAAIDhmhWHm0dyTJPgaPPMIar3rTYQFz0AAJfFwACp_SwVjOUpD7BsZ6ONgQ,AgADXxcAAqf0sFY,AgACAgUAAxkDAAIBwWhVmfk_F4PzWPUIKbDOVQ5Ejof6AAIYxDEbp_SwVqVpjd1erX-QAQADAgADeAADNgQ,AQADGMQxG6f0sFZ9,"{'id': '61647396', 'name': 'Sithira Puthiri from Think Indie', 'url': 'https://www.jiosaavn.com/album/sithira-puthiri-from-think-indie/J23gKLbgUKU_'}",,2025-01-31,226,http://aac.saavncdn.com/346/aa076ad8f468702541506a760f837c00_160.mp4,https://c.saavncdn.com/346/Sithira-Puthiri-from-Think-Indie-Tamil-2025-20250131150403-500x500.jpg
NAYvkjYE,Sithira Puthiri,320kbps,CQACAgUAAxkDAAIDh2hWHoT3gq69MUpEY7wgAxS1xszFAAJgFwACp_SwVkGXcckrmMn5NgQ,AgADYBcAAqf0sFY,,,"{'id': '61647396', 'name': 'Sithira Puthiri from Think Indie', 'url': 'https://www.jiosaavn.com/album/sithira-puthiri-from-think-indie/J23gKLbgUKU_'}",,2025-01-31,226,http://aac.saavncdn.com/346/aa076ad8f468702541506a760f837c00_320.mp4,
F-56awXj,Coolie Disco,160kbps,CQACAgUAAxkDAAIDiWhWHpBtoyHNzko8FdCCX7dpwbZkAAJhFwACp_SwVp_jyYzcM6ZrNgQ,AgADYRcAAqf0sFY,AgACAgUAAxkDAAIBw2hVmgcMhm44yWUUtcUqTJVKdyLcAAIZxDEbp_SwVuqHkslb3hctAQADAgADeAADNgQ,AQADGcQxG6f0sFZ9,"{'id': '53752959', 'name': 'Coolie Disco (From &quot;Coolie&quot;)', 'url': 'https://www.jiosaavn.com/album/coolie-disco-from-coolie/Vleie6DKXDg_'}",,2024-04-24,129,http://aac.saavncdn.com/981/666224eb648abe9d618e0bf201f506e0_160.mp4,https://c.saavncdn.com/981/Coolie-Disco-From-Coolie-Tamil-2024-20240509170935-500x500.jpg
F-56awXj,Coolie Disco,320kbps,CQACAgUAAxkDAAIDimhWHqbWCCXCnX2Qutylq14AAbuQKwACYhcAAqf0sFbZks-db7g-cDYE,AgADYhcAAqf0sFY,,,"{'id': '53752959', 'name': 'Coolie Disco (From &quot;Coolie&quot;)', 'url': 'https://www.jiosaavn.com/album/coolie-disco-from-coolie/Vleie6DKXDg_'}",,2024-04-24,129,http://aac.saavncdn.com/981/666224eb648abe9d618e0bf201f506e0_320.mp4,
av5pvJkB,Kalloorum,160kbps,CQACAgUAAxkDAAIDjGhWHrEMTwABedYGqTli5EXCYsey8QACYxcAAqf0sFZn9JoWCSCP2jYE,AgADYxcAAqf0sFY,AgACAgUAAxkDAAIBxWhVmhS9QaYavlL816Fgd603fnJ7AAIaxDEbp_SwVm85iRjyLrZ1AQADAgADeAADNgQ,AQADGsQxG6f0sFZ9,"{'id': '53760084', 'name': 'Veera Dheera Sooran', 'url': 'https://www.jiosaavn.com/album/veera-dheera-sooran/3okVGg5AmK8_'}",,2024-04-24,212,https://aac.saavncdn.com/986/b52b0d50b97bd72b35dc17c8dfa52fac_160.mp4,https://c.saavncdn.com/986/Veera-Dheera-Sooran-Tamil-2024-20250320174403-500x500.jpg
av5pvJkB,Kalloorum,320kbps,CQACAgUAAxkDAAIDjWhWHsmWdR7w91TZhwIRkUvSwzU-AAJkFwACp_SwVhbnC4TQQHr0NgQ,AgADZBcAAqf0sFY,,,"{'id': '53760084', 'name': 'Veera Dheera Sooran', 'url': 'https://www.jiosaavn.com/album/veera-dheera-sooran/3okVGg5AmK8_'}",,2024-04-24,212,https://aac.saavncdn.com/986/b52b0d50b97bd72b35dc17c8dfa52fac_320.mp4,
lXVLHlbM,Champagini,160kbps,CQACAgUAAxkDAAIDj2hWHtPdAysdlxg3Mauls643FdiiAAJlFwACp_SwVufC1EwN73lmNgQ,AgADZRcAAqf0sFY,AgACAgUAAxkDAAIBx2hVmh-iKIeDnekdapaD6BX9_qngAAIbxDEbp_SwVrilZpksbM0ZAQADAgADeAADNgQ,AQADG8QxG6f0sFZ9,"{'id': '63878973', 'name': 'Champagini (From &quot;Think Indie&quot;)', 'url': 'https://www.jiosaavn.com/album/champagini-from-think-indie/sFAVLuOjkTo_'}",,2025-04-18,116,https://aac.saavncdn.com/087/938dd23c6caf9334ccdf2f6c0b09874a_160.mp4,https://c.saavncdn.com/087/Champagini-From-Think-Indie-Tamil-2025-20250418132403-500x500.jpg
lXVLHlbM,Champagini,320kbps,CQACAgUAAxkDAAIDkGhWHwQNbsXA-nYh7_lwFQlHT4jjAAJnFwACp_SwVnnjW06zQnYfNgQ,AgADZxcAAqf0sFY,,,"{'id': '63878973', 'name': 'Champagini (From &quot;Think Indie&quot;)', 'url': 'https://www.jiosaavn.com/album/champagini-from-think-indie/sFAVLuOjkTo_'}",,2025-04-18,116,https://aac.saavncdn.com/087/938dd23c6caf9334ccdf2f6c0b09874a_320.mp4,
iTk7phbD,Paiya Dei,160kbps,CQACAgUAAxkDAAIDlGhWHytgrYvtNINB2kLfOi5ErPMfAAJrFwACp_SwVgjDAtAnrz7JNgQ,AgADaxcAAqf0sFY,AgACAgUAAxkDAAIByWhVmiaBJyCCFsx7PPNVn6OJIdH8AAIcxDEbp_SwVuKf0gz_K77VAQADAgADeAADNgQ,AQADHMQxG6f0sFZ9,"{'id': '58888283', 'name': 'Paiya Dei from Think Indie', 'url': 'https://www.jiosaavn.com/album/paiya-dei-from-think-indie/s0ybJ9JTwqE_'}",,2024-10-17,155,http://aac.saavncdn.com/884/5564f6be03c324eae7c2838ac534672a_160.mp4,https://c.saavncdn.com/884/Paiya-Dei-from-Think-Indie-Tamil-2024-20241023225604-500x500.jpg
iTk7phbD,Paiya Dei,320kbps,CQACAgUAAxkDAAIDlmhWHzjoSITrOyo3LI3HudRAfjObAAJtFwACp_SwVrURkihOKPjoNgQ,AgADbRcAAqf0sFY,,,"{'id': '58888283', 'name': 'Paiya Dei from Think Indie', 'url': 'https://www.jiosaavn.com/album/paiya-dei-from-think-indie/s0ybJ9JTwqE_'}",,2024-10-17,155,http://aac.saavncdn.com/884/5564f6be03c324eae7c2838ac534672a_320.mp4,
c9PJ74qJ,Kaathu Mela,160kbps,CQACAgUAAxkDAAIDmGhWH0MceSWGGWVXISyXjUiBkWz4AAJuFwACp_SwVnd5OUv8XG0bNgQ,AgADbhcAAqf0sFY,AgACAgUAAxkDAAIBy2hVmi6z1tk5LSohjFW0fqK36DM8AAIdxDEbp_SwVlIBElWjqa_UAQADAgADeAADNgQ,AQADHcQxG6f0sFZ9,"{'id': '56185506', 'name': 'Kaathu Mela from Think Indie', 'url': 'https://www.jiosaavn.com/album/kaathu-mela-from-think-indie/l2xhhXnRruA_'}",,2024-06-15,123,http://aac.saavncdn.com/447/4a88f4772c851ba687324ee7472ce69e_160.mp4,https://c.saavncdn.com/447/Kaathumela-from-Think-Indie-Tamil-2024-20240715193002-500x500.jpg
c9PJ74qJ,Kaathu Mela,320kbps,CQACAgUAAxkDAAIDmWhWH1IKEej4gBsFDp-m2KO8kCLwAAJvFwACp_SwVjgB_MO2VctmNgQ,AgADbxcAAqf0sFY,,,"{'id': '56185506', 'name': 'Kaathu Mela from Think Indie', 'url': 'https://www.jiosaavn.com/album/kaathu-mela-from-think-indie/l2xhhXnRruA_'}",,2024-06-15,123,http://aac.saavncdn.com/447/4a88f4772c851ba687324ee7472ce69e_320.mp4,
C-YB3JY1,Vibe,160kbps,CQACAgUAAxkDAAIDm2hWH2EFik5fjj2By39Q_HUO8Oz9AAJwFwACp_SwVtQBPnLZMwk5NgQ,AgADcBcAAqf0sFY,AgACAgUAAxkDAAIBzWhVmjev9yMHkG6oVA59jRai9t0XAAIexDEbp_SwVsfAeDhWn6cNAQADAgADeAADNgQ,AQADHsQxG6f0sFZ9,"{'id': '62854074', 'name': 'Vibe', 'url': 'https://www.jiosaavn.com/album/vibe/gKh3drOMAso_'}",,2025-03-14,119,http://aac.saavncdn.com/564/923ddb45ffc26d1252d224ae0df97179_160.mp4,https://c.saavncdn.com/564/Vibe-Tamil-2025-20250318223143-500x500.jpg
C-YB3JY1,Vibe,320kbps,CQACAgUAAxkDAAIDnGhWH3ViNOW_eKrlaHsRYOUzVvieAAJxFwACp_SwVhq_R5GhlnoVNgQ,AgADcRcAAqf0sFY,,,"{'id': '62854074', 'name': 'Vibe', 'url': 'https://www.jiosaavn.com/album/vibe/gKh3drOMAso_'}",,2025-03-14,119,http://aac.saavncdn.com/564/923ddb45ffc26d1252d224ae0df97179_320.mp4,
gauKpPS3,Vazhithunaiye,160kbps,CQACAgUAAxkDAAIDoGhWH4uCvZGPbjF6BvzsXOiGd6OqAAJ0FwACp_SwVtfnDYDWn1ypNgQ,AgADdBcAAqf0sFY,AgACAgUAAxkDAAIBo2hVmUldiBot7q5GSHXDi2PnkM8nAAIMxDEbp_SwVjxOEPhz4fiFAQADAgADeAADNgQ,AQADDMQxG6f0sFZ9,"{'id': '60900973', 'name': 'Dragon', 'url': 'https://www.jiosaavn.com/album/dragon/cQmQhIXCJjI_'}",,2025-01-02,218,http://aac.saavncdn.com/236/a72a335efc3459ca5a9c21197a09cd2a_160.mp4,https://c.saavncdn.com/236/Dragon-Tamil-2025-20250221231203-500x500.jpg
U3toC5j0,Adangaatha Asuran,160kbps,CQACAgUAAxkDAAIDpWhWH86PdPgmi-rNTVAW89gzkCPHAAJ4FwACp_SwVh4CtVGh6nCRNgQ,AgADeBcAAqf0sFY,AgACAgUAAxkDAAIB0WhVmkoz63QDxBevxOXsffUW5TjeAAIfxDEbp_SwVnCtKq1Mm5DkAQADAgADeAADNgQ,AQADH8QxG6f0sFZ9,"{'id': '55919675', 'name': 'Raayan', 'url': 'https://www.jiosaavn.com/album/raayan/oslslWXtA9E_'}",,2024-07-06,249,http://aac.saavncdn.com/275/4b988d817ffa35407cee1a306e7bca8f_160.mp4,https://c.saavncdn.com/275/Raayan-Tamil-2024-20240706124553-500x500.jpg
U3toC5j0,Adangaatha Asuran,320kbps,CQACAgUAAxkDAAIDpmhWH9vhhxJ_QQqwMAMDLKB2bK0TAAJ6FwACp_SwVtnBHRhcKS9cNgQ,AgADehcAAqf0sFY,,,"{'id': '55919675', 'name': 'Raayan', 'url': 'https://www.jiosaavn.com/album/raayan/oslslWXtA9E_'}",,2024-07-06,249,http://aac.saavncdn.com/275/4b988d817ffa35407cee1a306e7bca8f_320.mp4,
D5AEA9oC,Iraivaa,160kbps,CQACAgUAAxkDAAIDqGhWH-jtqIDLLTgc0lAISeVSPRCEAAJ7FwACp_SwVvL9q3kfa1DuNgQ,AgADexcAAqf0sFY,AgACAgUAAxkDAAIBo2hVmUldiBot7q5GSHXDi2PnkM8nAAIMxDEbp_SwVjxOEPhz4fiFAQADAgADeAADNgQ,AQADDMQxG6f0sFZ9,"{'id': '60900973', 'name': 'Dragon', 'url': 'https://www.jiosaavn.com/album/dragon/cQmQhIXCJjI_'}",,2025-01-02,199,http://aac.saavncdn.com/236/c7419d233d404a69e97ae438717a9d12_160.mp4,https://c.saavncdn.com/236/Dragon-Tamil-2025-20250221231203-500x500.jpg
MzOsYorg,Thalli Pogathey,160kbps,CQACAgUAAxkDAAIDrWhWICZtmAiFwnMy1zjFDbuMW83RAAJ_FwACp_SwVl5s7cN-7hcvNgQ,AgADfxcAAqf0sFY,AgACAgUAAxkDAAIB1WhVmmGV7bqQziYBldeIl7EwAlblAAIgxDEbp_SwVrchsgbyupdbAQADAgADeAADNgQ,AQADIMQxG6f0sFZ9,"{'id': '1765331', 'name': 'Achcham Yenbadhu Madamaiyada', 'url': 'https://www.jiosaavn.com/album/achcham-yenbadhu-madamaiyada/oq-Lrx5ecU8_'}",,2016-06-20,267,http://aac.saavncdn.com/078/e41befef292f19b4fd8452e25915077e_160.mp4,https://c.saavncdn.com/078/Achcham-Yenbadhu-Madamaiyada-A-Tamil-2016-500x500.jpg
i4MZ6GDy,Ennai Thalatta Varuvala,160kbps,CQACAgUAAxkDAAIDsmhWIHdFLgorDN5o_N8ZtJFzF9cGAAKDFwACp_SwVkaJWlPhWSbdNgQ,AgADgxcAAqf0sFY,AgACAgUAAxkDAAIB12hVmm8R2Gufq72RyDG3mqLQP5NaAAIhxDEbp_SwVi7URi_tGv3gAQADAgADeAADNgQ,AQADIcQxG6f0sFZ9,"{'id': '1138205', 'name': 'Kadalukku Mariadai', 'url': 'https://www.jiosaavn.com/album/kadalukku-mariadai/e-IXYZEun64_'}",,1997-01-01,305,http://aac.saavncdn.com/205/df48c40db2511360d6478ac9a7465b9b_160.mp4,https://c.saavncdn.com/263/Kadalukku-Mariadai-1997-500x500.jpg
i4MZ6GDy,Ennai Thalatta Varuvala,320kbps,CQACAgUAAxkDAAIDtGhWILEwwsucm73MAuLCeRFmCXF6AAKFFwACp_SwVnHOUDfCMCFVNgQ,AgADhRcAAqf0sFY,,,"{'id': '1138205', 'name': 'Kadalukku Mariadai', 'url': 'https://www.jiosaavn.com/album/kadalukku-mariadai/e-IXYZEun64_'}",,1997-01-01,305,http://aac.saavncdn.com/205/df48c40db2511360d6478ac9a7465b9b_320.mp4,
NmkwfzYX,Oo Solriya..Oo Oo Solriya,160kbps,CQACAgUAAxkDAAIDt2hWIL6TUTMl7-iJqHheBv-B5hg_AAKHFwACp_SwVnDojgiXFcfDNgQ,AgADhxcAAqf0sFY,AgACAgUAAxkDAAIB2WhVmn3shZjayx-N7aCeExHI5_7EAAIixDEbp_SwVtPKDAhNfig7AQADAgADeAADNgQ,AQADIsQxG6f0sFZ9,"{'id': '29010060', 'name': 'Pushpa - The Rise', 'url': 'https://www.jiosaavn.com/album/pushpa-the-rise/xT-y1J8uJvQ_'}",,2021-08-13,223,http://aac.saavncdn.com/000/a1fbaf7f014f199fef163b309baed942_160.mp4,https://c.saavncdn.com/blob/060/Pushpa-The-Rise-Tamil-2021-20211218130419-500x500.jpg
NmkwfzYX,Oo Solriya..Oo Oo Solriya,320kbps,CQACAgUAAxkDAAIDuGhWIMx8G_p86KfjSOPHxigtPLn-AAKIFwACp_SwViaV8s17Rs1GNgQ,AgADiBcAAqf0sFY,,,"{'id': '29010060', 'name': 'Pushpa - The Rise', 'url': 'https://www.jiosaavn.com/album/pushpa-the-rise/xT-y1J8uJvQ_'}",,2021-08-13,223,http://aac.saavncdn.com/000/a1fbaf7f014f199fef163b309baed942_320.mp4,
o89PjVg0,Bimbilikki Pilapi,160kbps,CQACAgUAAxkDAAIDumhWIOgmFKaoWHV7WnTwe3HJMxBnAAKJFwACp_SwVvr80PXrSu_LNgQ,AgADiRcAAqf0sFY,AgACAgUAAxkDAAIB22hVmo5eO4IlL4W6P0t-jFuRMUMlAAIjxDEbp_SwVnUxGerPgHBiAQADAgADeAADNgQ,AQADI8QxG6f0sFZ9,"{'id': '37830356', 'name': 'Prince (Tamil)', 'url': 'https://www.jiosaavn.com/album/prince-tamil/LftY7KJ,pIg_'}",,2022-09-01,247,http://aac.saavncdn.com/000/a4d413002a3ab25713a9689fdbad9201_160.mp4,https://c.saavncdn.com/blob/356/Prince-Tamil-Tamil-2022-20221104065110-500x500.jpg
Jd8ynSpQ,Tinga Tinga,320kbps,CQACAgUAAxkDAAIDwmhWIceC6vqErGk5ryrx1Aiex8VeAAKTFwACp_SwVrGb-ljJEMrQNgQ,AgADkxcAAqf0sFY,,,"{'id': '11776805', 'name': 'Khakee', 'url': 'https://www.jiosaavn.com/album/khakee/zqJ9q4xdlec_'}",,2017-11-09,196,http://aac.saavncdn.com/217/e0497e5e019948ab82528d55c7676e55_320.mp4,
rKzUFF0S,Melogam Odi Polaama,160kbps,CQACAgUAAxkDAAIDxGhWIdbQh6svNtxdzmMB4Jxr27wzAAKUFwACp_SwVntBYUaKKPUBNgQ,AgADlBcAAqf0sFY,AgACAgUAAxkDAAIB32hVmri-Gp4OAAGcuOM295q89JwrKQACJcQxG6f0sFaV01pfxuZn4wEAAwIAA3gAAzYE,AQADJcQxG6f0sFZ9,"{'id': '59553275', 'name': 'Matka (Tamil)', 'url': 'https://www.jiosaavn.com/album/matka-tamil/wpcgppnbhjk_'}",,2024-11-09,195,http://aac.saavncdn.com/000/d6da141c17eb7b0620f6732efcbe1f8c_160.mp4,https://c.saavncdn.com/000/Matka-Tamil-Tamil-2024-20241121124323-500x500.jpg
WrGU-iqE,Ramuloo Ramulaa,160kbps,CQACAgUAAxkDAAIDyWhWIjY8KzvNpf0XV4B1LUsTspCSAAKYFwACp_SwVggRpRYz00AaNgQ,AgADmBcAAqf0sFY,AgACAgUAAxkDAAIB4WhVmsNqqzp-XTnx1Tz0XTLYmqN6AAImxDEbp_SwVrXDDnnkSegfAQADAgADeAADNgQ,AQADJsQxG6f0sFZ9,"{'id': '17435036', 'name': 'Ala Vaikunthapurramuloo', 'url': 'https://www.jiosaavn.com/album/ala-vaikunthapurramuloo/9w5-ZulMsZc_'}",,2019-09-28,245,http://aac.saavncdn.com/517/5702757c42c1ad44b3224a339817c8b0_160.mp4,https://c.saavncdn.com/517/Ala-Vaikunthapurramuloo-Telugu-2019-20200116144338-500x500.jpg
